,date,price,quantity,position,side,status,in_value,out_value,value,pnl,pnl_pct,symbol
0,2022-01-01,3765.54,0.0,0,,-,0.0,0,0.0,0.0,,ETH
1,2022-01-02,3828.27,0.0,0,,-,0.0,0,0.0,0.0,,ETH
2,2022-01-03,3765.89,0.0,0,,-,0.0,0,0.0,0.0,,ETH
3,2022-01-04,3785.11,0.0,0,,-,0.0,0,0.0,0.0,,ETH
4,2022-01-05,3540.63,0.0,0,,-,0.0,0,0.0,0.0,,ETH
5,2022-01-06,3406.81,0.0,0,,-,0.0,0,0.0,0.0,,ETH
6,2022-01-07,3199.24,0.0,0,,-,0.0,0,0.0,0.0,,ETH
7,2022-01-08,3080.95,0.0,0,,-,0.0,0,0.0,0.0,,ETH
8,2022-01-09,3151.97,0.0,0,,-,0.0,0,0.0,0.0,,ETH
9,2022-01-10,3082.68,0.0,0,,-,0.0,0,0.0,0.0,,ETH
10,2022-01-11,3239.72,0.0,0,,-,0.0,0,0.0,0.0,,ETH
11,2022-01-12,3371.26,0.0,0,,-,0.0,0,0.0,0.0,,ETH
12,2022-01-13,3240.61,0.0,0,,-,0.0,0,0.0,0.0,,ETH
13,2022-01-14,3307.42,0.0,0,,-,0.0,0,0.0,0.0,,ETH
14,2022-01-15,3326.04,0.0,0,,-,0.0,0,0.0,0.0,,ETH
15,2022-01-16,3346.88,0.0,0,,-,0.0,0,0.0,0.0,,ETH
16,2022-01-17,3209.67,0.0,0,,-,0.0,0,0.0,0.0,,ETH
17,2022-01-18,3159.85,0.0,0,,-,0.0,0,0.0,0.0,,ETH
18,2022-01-19,3084.02,0.0,0,,-,0.0,0,0.0,0.0,,ETH
19,2022-01-20,3001.48,0.0,0,,-,0.0,0,0.0,0.0,,ETH
20,2022-01-21,2568.15,1.9469267760839515,1,LONG,open,5000.0,0,5000.0,0.0,0.0,ETH
21,2022-01-22,2412.18,1.9469267760839515,1,LONG,-,5000.0,0,4696.337830734185,-303.66216926581455,-0.06073243385316291,ETH
22,2022-01-23,2539.01,1.9469267760839515,1,LONG,-,5000.0,0,4943.266553744914,-56.733446255086164,-0.011346689251017233,ETH
23,2022-01-24,2439.29,1.9469267760839515,1,LONG,-,5000.0,0,4749.119015633822,-250.88098436617838,-0.05017619687323568,ETH
24,2022-01-25,2458.83,1.9469267760839515,1,LONG,-,5000.0,0,4787.161964838502,-212.83803516149783,-0.042567607032299566,ETH
25,2022-01-26,2462.99,1.9469267760839515,1,LONG,-,5000.0,0,4795.261180227011,-204.7388197729888,-0.04094776395459776,ETH
26,2022-01-27,2424.25,1.9469267760839515,1,LONG,-,5000.0,0,4719.837236921519,-280.16276307848057,-0.05603255261569611,ETH
27,2022-01-28,2544.99,1.9469267760839515,1,LONG,-,5000.0,0,4954.909175865895,-45.09082413410488,-0.009018164826820975,ETH
28,2022-01-29,2601.43,1.9469267760839515,1,LONG,-,5000.0,0,5064.793723108073,64.79372310807321,0.012958744621614641,ETH
29,2022-01-30,2601.68,1.9469267760839515,1,LONG,-,5000.0,0,5065.280454802095,65.28045480209494,0.013056090960418987,ETH
30,2022-01-31,2686.94,1.9469267760839515,1,LONG,-,5000.0,0,5231.275431731013,231.27543173101276,0.046255086346202554,ETH
31,2022-02-01,2787.23,1.9469267760839515,1,LONG,-,5000.0,0,5426.532718104472,426.5327181044722,0.08530654362089445,ETH
32,2022-02-02,2680.67,1.9469267760839515,1,LONG,-,5000.0,0,5219.068200844967,219.06820084496667,0.043813640168993334,ETH
33,2022-02-03,2695.46,1.9469267760839515,1,LONG,-,5000.0,0,5247.863247863248,247.86324786324803,0.049572649572649605,ETH
34,2022-02-04,2994.99,1.9469267760839515,1,LONG,-,5000.0,0,5831.026225103674,831.0262251036738,0.16620524502073478,ETH
35,2022-02-05,3012.65,1.9469267760839515,1,LONG,-,5000.0,0,5865.408951969317,865.4089519693171,0.1730817903938634,ETH
36,2022-02-06,3054.99,1.9469267760839515,1,LONG,-,5000.0,0,5947.84183166871,947.8418316687103,0.18956836633374205,ETH
37,2022-02-07,3139.77,1.9469267760839515,1,LONG,-,5000.0,0,6112.902283745108,1112.9022837451084,0.2225804567490217,ETH
38,2022-02-08,3116.69,1.9469267760839515,1,LONG,-,5000.0,0,6067.967213753091,1067.9672137530906,0.21359344275061812,ETH
39,2022-02-09,3243.94,1.9469267760839515,1,LONG,-,5000.0,0,6315.713646009774,1315.7136460097736,0.2631427292019547,ETH
40,2022-02-10,3072.49,1.9469267760839515,1,LONG,-,5000.0,0,5981.913050250179,981.9130502501794,0.19638261005003588,ETH
41,2022-02-11,2927.54,1.9469267760839515,1,LONG,-,5000.0,0,5699.706014056811,699.706014056811,0.1399412028113622,ETH
42,2022-02-12,2918.88,1.9469267760839515,1,LONG,-,5000.0,0,5682.8456281759245,682.8456281759245,0.1365691256351849,ETH
43,2022-02-13,2871.13,1.9469267760839515,1,LONG,-,5000.0,0,5589.879874617915,589.8798746179154,0.1179759749235831,ETH
44,2022-02-14,2929.75,1.9469267760839515,1,LONG,-,5000.0,0,5704.008722231957,704.0087222319571,0.14080174444639143,ETH
45,2022-02-15,3183.52,1.9469267760839515,1,LONG,-,5000.0,0,6198.080330198781,1198.0803301987808,0.23961606603975616,ETH
46,2022-02-16,3122.3,1.9469267760839515,1,LONG,-,5000.0,0,6078.889472966922,1078.8894729669219,0.21577789459338437,ETH
47,2022-02-17,2891.87,1.9469267760839515,1,LONG,-,5000.0,0,5630.2591359538965,630.2591359538965,0.1260518271907793,ETH
48,2022-02-18,2779.48,1.9469267760839515,1,LONG,-,5000.0,0,5411.444035589821,411.4440355898214,0.08228880711796428,ETH
49,2022-02-19,2763.63,1.9469267760839515,1,LONG,-,5000.0,0,5380.585246188891,380.5852461888908,0.07611704923777815,ETH
50,2022-02-20,2621.99,1.9469267760839515,1,LONG,-,5000.0,0,5104.82253762436,104.82253762435994,0.020964507524871986,ETH
51,2022-02-21,2568.02,1.9469267760839515,1,LONG,-,5000.0,0,4999.746899519109,-0.25310048089068005,-5.062009617813601e-05,ETH
52,2022-02-22,2636.29,1.9469267760839515,1,LONG,-,5000.0,0,5132.66359052236,132.6635905223602,0.026532718104472042,ETH
53,2022-02-23,2579.71,1.9469267760839515,1,LONG,-,5000.0,0,5022.506473531531,22.5064735315309,0.0045012947063061805,ETH
54,2022-02-24,2596.2,1.9469267760839515,1,LONG,-,5000.0,0,5054.611296069154,54.61129606915438,0.010922259213830875,ETH
55,2022-02-25,2768.49,1.9469267760839515,1,LONG,-,5000.0,0,5390.047310320659,390.04731032065865,0.07800946206413173,ETH
56,2022-02-26,2779.47,1.9469267760839515,1,LONG,-,5000.0,0,5411.42456632206,411.42456632205995,0.082284913264412,ETH
57,2022-02-27,2616.79,1.9469267760839515,1,LONG,-,5000.0,0,5094.698518388724,94.69851838872364,0.018939703677744727,ETH
58,2022-02-28,2920.95,1.9469267760839515,1,LONG,-,5000.0,0,5686.875766602418,686.8757666024176,0.1373751533204835,ETH
59,2022-03-01,2976.33,1.9469267760839515,1,LONG,-,5000.0,0,5794.696571461947,794.6965714619473,0.15893931429238947,ETH
60,2022-03-02,2947.3,1.9469267760839515,1,LONG,-,5000.0,0,5738.177287152231,738.1772871522307,0.14763545743044615,ETH
61,2022-03-03,2833.99,1.9469267760839515,1,LONG,-,5000.0,0,5517.571014154158,517.5710141541576,0.10351420283083153,ETH
62,2022-03-04,2622.1,1.9469267760839515,1,LONG,-,5000.0,0,5105.036699569729,105.03669956972863,0.021007339913945725,ETH
63,2022-03-05,2665.15,1.9469267760839515,1,LONG,-,5000.0,0,5188.851897280143,188.85189728014302,0.037770379456028604,ETH
64,2022-03-06,2551.29,1.9469267760839515,1,LONG,-,5000.0,0,4967.174814555225,-32.82518544477534,-0.006565037088955068,ETH
65,2022-03-07,2491.12,1.9469267760839515,1,LONG,-,5000.0,0,4850.028230438253,-149.97176956174735,-0.02999435391234947,ETH
66,2022-03-08,2575.97,1.9469267760839515,1,LONG,-,5000.0,0,5015.224967388976,15.224967388976438,0.0030449934777952875,ETH
67,2022-03-09,2726.98,1.9469267760839515,1,LONG,-,5000.0,0,5309.230379845414,309.23037984541406,0.061846075969082814,ETH
68,2022-03-10,2606.7,1.9469267760839515,1,LONG,-,5000.0,0,5075.054027218036,75.05402721803603,0.015010805443607205,ETH
69,2022-03-11,2556.86,1.9469267760839515,1,LONG,-,5000.0,0,4978.019196698013,-21.98080330198718,-0.004396160660397436,ETH
70,2022-03-12,2568.8,1.9469267760839515,1,LONG,-,5000.0,0,5001.265502404455,1.2655024044552192,0.00025310048089104386,ETH
71,2022-03-13,2515.65,1.9469267760839515,1,LONG,-,5000.0,0,4897.786344255593,-102.21365574440733,-0.02044273114888147,ETH
72,2022-03-14,2589.41,1.9469267760839515,1,LONG,-,5000.0,0,5041.391663259545,41.39166325954466,0.00827833265190893,ETH
73,2022-03-15,2617.73,1.9469267760839515,1,LONG,-,5000.0,0,5096.528629558243,96.52862955824276,0.01930572591164855,ETH
74,2022-03-16,2773.81,1.9469267760839515,1,LONG,-,5000.0,0,5400.404960769425,400.4049607694251,0.08008099215388502,ETH
75,2022-03-17,2811.92,1.9469267760839515,1,LONG,-,5000.0,0,5474.602340205985,474.60234020598455,0.09492046804119691,ETH
76,2022-03-18,2938.92,1.9469267760839515,1,LONG,-,5000.0,0,5721.862040768647,721.8620407686467,0.14437240815372934,ETH
77,2022-03-19,2950.84,1.9469267760839515,1,LONG,-,5000.0,0,5745.069407939568,745.069407939568,0.1490138815879136,ETH
78,2022-03-20,2861.38,1.9469267760839515,1,LONG,-,5000.0,0,5570.897338551097,570.8973385510972,0.11417946771021943,ETH
79,2022-03-21,2890.03,1.9469267760839515,1,LONG,-,5000.0,0,5626.676790685903,626.6767906859031,0.12533535813718064,ETH
80,2022-03-22,2969.64,1.9469267760839515,1,LONG,-,5000.0,0,5781.671631329946,781.6716313299457,0.15633432626598914,ETH
81,2022-03-23,3036.0,1.9469267760839515,1,LONG,-,5000.0,0,5910.869692190877,910.8696921908768,0.18217393843817536,ETH
82,2022-03-24,3110.76,1.9469267760839515,1,LONG,-,5000.0,0,6056.421937970913,1056.421937970913,0.21128438759418258,ETH
83,2022-03-25,3102.14,1.9469267760839515,1,LONG,-,5000.0,0,6039.639429161069,1039.6394291610686,0.20792788583221372,ETH
84,2022-03-26,3145.0,1.9469267760839515,1,LONG,-,5000.0,0,6123.084710784027,1123.0847107840273,0.22461694215680544,ETH
85,2022-03-27,3295.65,1.9469267760839515,1,LONG,-,5000.0,0,6416.3892296010745,1416.3892296010745,0.2832778459202149,ETH
86,2022-03-28,3332.92,1.9469267760839515,1,LONG,-,5000.0,0,6488.951190545724,1488.9511905457239,0.2977902381091448,ETH
87,2022-03-29,3400.51,1.9469267760839515,1,LONG,-,5000.0,0,6620.543971341238,1620.543971341238,0.32410879426824757,ETH
88,2022-03-30,3385.79,1.9469267760839515,1,LONG,-,5000.0,0,6591.885209197282,1591.8852091972822,0.3183770418394564,ETH
89,2022-03-31,3281.51,1.9469267760839515,1,LONG,-,5000.0,0,6388.859684987248,1388.8596849872483,0.2777719369974497,ETH
90,2022-04-01,3455.21,1.9469267760839515,1,LONG,-,5000.0,0,6727.04086599303,1727.04086599303,0.345408173198606,ETH
91,2022-04-02,3443.77,1.9469267760839515,1,LONG,-,5000.0,0,6704.768023674629,1704.7680236746291,0.3409536047349258,ETH
92,2022-04-03,3521.91,1.9469267760839515,1,LONG,-,5000.0,0,6856.900881957829,1856.9008819578294,0.3713801763915659,ETH
93,2022-04-04,3519.5,1.9469267760839515,1,LONG,-,5000.0,0,6852.208788427467,1852.208788427467,0.37044175768549337,ETH
94,2022-04-05,3406.99,1.9469267760839515,1,LONG,-,5000.0,0,6633.160056850262,1633.1600568502618,0.3266320113700524,ETH
95,2022-04-06,3168.51,1.9469267760839515,1,LONG,-,5000.0,0,6168.856959289761,1168.856959289761,0.23377139185795223,ETH
96,2022-04-07,3227.19,1.9469267760839515,1,LONG,-,5000.0,0,6283.102622510368,1283.1026225103678,0.25662052450207357,ETH
97,2022-04-08,3192.39,1.9469267760839515,1,LONG,-,5000.0,0,6215.349570702646,1215.349570702646,0.24306991414052917,ETH
98,2022-04-09,3258.57,1.9469267760839515,1,LONG,-,5000.0,0,6344.197184743882,1344.1971847438817,0.2688394369487763,ETH
99,2022-04-10,3203.04,1.9469267760839515,1,LONG,-,5000.0,0,6236.08434086794,1236.0843408679402,0.24721686817358804,ETH
100,2022-04-11,2979.74,1.9469267760839515,1,LONG,-,5000.0,0,5801.335591768393,801.335591768393,0.1602671183536786,ETH
101,2022-04-12,3027.66,1.9469267760839515,1,LONG,-,5000.0,0,5894.632322878337,894.6323228783367,0.17892646457566735,ETH
102,2022-04-13,3118.28,1.9469267760839515,1,LONG,-,5000.0,0,6071.062827327065,1071.062827327065,0.21421256546541298,ETH
103,2022-04-14,3021.98,1.9469267760839515,1,LONG,-,5000.0,0,5883.57377879018,883.5737787901799,0.17671475575803597,ETH
104,2022-04-15,3040.56,1.9469267760839515,1,LONG,-,5000.0,0,5919.747678289819,919.7476782898193,0.18394953565796385,ETH
105,2022-04-16,3059.3,1.9469267760839515,1,LONG,-,5000.0,0,5956.233086073633,956.2330860736329,0.19124661721472658,ETH
106,2022-04-17,2988.06,1.9469267760839515,1,LONG,-,5000.0,0,5817.534022545412,817.534022545412,0.1635068045090824,ETH
107,2022-04-18,3055.56,1.9469267760839515,1,LONG,-,5000.0,0,5948.951579931078,948.9515799310784,0.18979031598621568,ETH
108,2022-04-19,3101.77,1.9469267760839515,1,LONG,-,5000.0,0,6038.919066253919,1038.9190662539186,0.2077838132507837,ETH
109,2022-04-20,3076.04,1.9469267760839515,1,LONG,-,5000.0,0,5988.824640305278,988.8246403052781,0.1977649280610556,ETH
110,2022-04-21,2983.58,1.9469267760839515,1,LONG,-,5000.0,0,5808.811790588556,808.8117905885556,0.1617623581177111,ETH
111,2022-04-22,2962.39,1.9469267760839515,1,LONG,-,5000.0,0,5767.556412203337,767.5564122033365,0.1535112824406673,ETH
112,2022-04-23,2933.03,1.9469267760839515,1,LONG,-,5000.0,0,5710.394642057513,710.394642057513,0.1420789284115026,ETH
113,2022-04-24,2921.0,1.9469267760839515,1,LONG,-,5000.0,0,5686.973112941222,686.9731129412221,0.13739462258824442,ETH
114,2022-04-25,3006.62,1.9469267760839515,1,LONG,-,5000.0,0,5853.66898350953,853.6689835095303,0.17073379670190605,ETH
115,2022-04-26,2809.67,1.9469267760839515,1,LONG,-,5000.0,0,5470.221754959796,470.22175495979627,0.09404435099195925,ETH
116,2022-04-27,2888.96,1.9469267760839515,1,LONG,-,5000.0,0,5624.593579035492,624.5935790354924,0.12491871580709848,ETH
117,2022-04-28,2936.93,1.9469267760839515,1,LONG,-,5000.0,0,5717.987656484239,717.9876564842389,0.14359753129684777,ETH
118,2022-04-29,2817.13,1.9469267760839515,1,LONG,-,5000.0,0,5484.745828709382,484.7458287093823,0.09694916574187645,ETH
119,2022-04-30,2726.66,1.9469267760839515,1,LONG,-,5000.0,0,5308.607363277067,308.6073632770667,0.06172147265541335,ETH
120,2022-05-01,2824.81,1.9469267760839515,1,LONG,-,5000.0,0,5499.698226349707,499.6982263497066,0.09993964526994133,ETH
121,2022-05-02,2856.54,1.9469267760839515,1,LONG,-,5000.0,0,5561.47421295485,561.4742129548504,0.11229484259097007,ETH
122,2022-05-03,2781.7,1.9469267760839515,1,LONG,-,5000.0,0,5415.766213032727,415.76621303272714,0.08315324260654543,ETH
123,2022-05-04,2940.64,1.9469267760839515,1,LONG,-,5000.0,0,5725.210754823511,725.2107548235108,0.14504215096470216,ETH
124,2022-05-05,2747.97,1.9469267760839515,1,LONG,-,5000.0,0,5350.096372875416,350.0963728754159,0.07001927457508318,ETH
125,2022-05-06,2692.85,1.9469267760839515,1,LONG,-,5000.0,0,5242.781768977668,242.78176897766843,0.048556353795533684,ETH
126,2022-05-07,2635.34,1.9469267760839515,1,LONG,-,5000.0,0,5130.814010085081,130.81401008508055,0.02616280201701611,ETH
127,2022-05-08,2519.71,1.9469267760839515,1,LONG,-,5000.0,0,4905.690866966494,-94.30913303350644,-0.018861826606701288,ETH
128,2022-05-09,2228.55,1.9469267760839515,1,LONG,-,5000.0,0,4338.82366684189,-661.1763331581096,-0.13223526663162194,ETH
129,2022-05-10,2342.05,1.9469267760839515,1,LONG,-,5000.0,0,4559.799855927419,-440.20014407258077,-0.08804002881451616,ETH
130,2022-05-11,2084.99,1.9469267760839515,1,LONG,-,5000.0,0,4059.322858867278,-940.6771411327222,-0.18813542822654444,ETH
131,2022-05-12,1960.22,1.9469267760839515,1,LONG,-,5000.0,0,3816.4048050152833,-1183.5951949847167,-0.23671903899694335,ETH
132,2022-05-13,2009.69,1.9469267760839515,1,LONG,-,5000.0,0,3912.7192726281564,-1087.2807273718436,-0.2174561454743687,ETH
133,2022-05-14,2056.48,1.9469267760839515,1,LONG,-,5000.0,0,4003.8159764811244,-996.1840235188756,-0.1992368047037751,ETH
134,2022-05-15,2145.29,1.9469267760839515,1,LONG,-,5000.0,0,4176.72254346514,-823.27745653486,-0.164655491306972,ETH
135,2022-05-16,2023.66,1.9469267760839515,1,LONG,-,5000.0,0,3939.9178396900493,-1060.0821603099507,-0.21201643206199014,ETH
136,2022-05-17,2090.72,1.9469267760839515,1,LONG,-,5000.0,0,4070.4787492942387,-929.5212507057613,-0.18590425014115225,ETH
137,2022-05-18,1915.11,1.9469267760839515,1,LONG,-,5000.0,0,3728.5789381461364,-1271.4210618538636,-0.25428421237077276,ETH
138,2022-05-19,2019.55,1.9469267760839515,1,LONG,-,5000.0,0,3931.9159706403443,-1068.0840293596557,-0.21361680587193113,ETH
139,2022-05-20,1959.08,1.9469267760839515,1,LONG,-,5000.0,0,3814.1853084905474,-1185.8146915094526,-0.23716293830189053,ETH
140,2022-05-21,1975.07,1.9469267760839515,1,LONG,-,5000.0,0,3845.3166676401297,-1154.6833323598703,-0.23093666647197406,ETH
141,2022-05-22,2043.19,1.9469267760839515,1,LONG,-,5000.0,0,3977.941319626969,-1022.0586803730312,-0.20441173607460622,ETH
142,2022-05-23,1973.32,1.9469267760839515,1,LONG,-,5000.0,0,3841.909545781983,-1158.090454218017,-0.23161809084360338,ETH
143,2022-05-24,1979.41,1.9469267760839515,1,LONG,-,5000.0,0,3853.7663298483344,-1146.2336701516656,-0.2292467340303331,ETH
144,2022-05-25,1942.63,1.9469267760839515,1,LONG,-,5000.0,0,3782.158363023967,-1217.841636976033,-0.2435683273952066,ETH
145,2022-05-26,1792.23,1.9469267760839515,1,LONG,-,5000.0,0,3489.3405759009406,-1510.6594240990594,-0.3021318848198119,ETH
146,2022-05-27,1727.27,1.9469267760839515,1,LONG,-,5000.0,0,3362.868212526527,-1637.1317874734732,-0.3274263574946946,ETH
147,2022-05-28,1792.22,1.9469267760839515,1,LONG,-,5000.0,0,3489.3211066331796,-1510.6788933668204,-0.30213577867336405,ETH
148,2022-05-29,1813.64,1.9469267760839515,1,LONG,-,5000.0,0,3531.024278176898,-1468.975721823102,-0.2937951443646204,ETH
149,2022-05-30,1998.78,1.9469267760839515,1,LONG,-,5000.0,0,3891.4783015010803,-1108.5216984989197,-0.22170433969978395,ETH
150,2022-05-31,1941.9,1.9469267760839515,1,LONG,-,5000.0,0,3780.7371064774256,-1219.2628935225744,-0.24385257870451488,ETH
151,2022-06-01,1817.95,1.9469267760839515,1,LONG,-,5000.0,0,3539.4155325818197,-1460.5844674181803,-0.29211689348363606,ETH
152,2022-06-02,1834.08,1.9469267760839515,1,LONG,-,5000.0,0,3570.8194614800536,-1429.1805385199464,-0.28583610770398926,ETH
153,2022-06-03,1775.12,1.9469267760839515,1,LONG,-,5000.0,0,3456.0286587621436,-1543.9713412378564,-0.3087942682475713,ETH
154,2022-06-04,1804.58,1.9469267760839515,1,LONG,-,5000.0,0,3513.385121585577,-1486.614878414423,-0.29732297568288457,ETH
155,2022-06-05,1806.23,1.9469267760839515,1,LONG,-,5000.0,0,3516.5975507661155,-1483.4024492338845,-0.2966804898467769,ETH
156,2022-06-06,1859.84,1.9469267760839515,1,LONG,-,5000.0,0,3620.972295231976,-1379.0277047680238,-0.27580554095360477,ETH
157,2022-06-07,1813.33,1.9469267760839515,1,LONG,-,5000.0,0,3530.4207308763116,-1469.5792691236884,-0.29391585382473767,ETH
158,2022-06-08,1791.88,1.9469267760839515,1,LONG,-,5000.0,0,3488.659151529311,-1511.3408484706888,-0.3022681696941378,ETH
159,2022-06-09,1788.81,1.9469267760839515,1,LONG,-,5000.0,0,3482.682086326733,-1517.317913673267,-0.3034635827346534,ETH
160,2022-06-10,1662.91,1.9469267760839515,1,LONG,-,5000.0,0,3237.564005217764,-1762.4359947822359,-0.3524871989564472,ETH
161,2022-06-11,1532.89,1.9469267760839515,1,LONG,-,5000.0,0,2984.424585791329,-2015.5754142086712,-0.40311508284173425,ETH
162,2022-06-12,1434.84,1.9469267760839515,1,LONG,-,5000.0,0,2793.5284153962966,-2206.4715846037034,-0.44129431692074067,ETH
163,2022-06-13,1209.82,1.9469267760839515,1,LONG,-,5000.0,0,2355.430952241886,-2644.569047758114,-0.5289138095516228,ETH
164,2022-06-14,1208.9,1.9469267760839515,1,LONG,-,5000.0,0,2353.639779607889,-2646.360220392111,-0.5292720440784222,ETH
165,2022-06-15,1237.52,1.9469267760839515,1,LONG,-,5000.0,0,2409.3608239394116,-2590.6391760605884,-0.5181278352121177,ETH
166,2022-06-16,1068.5,1.9469267760839515,1,LONG,-,5000.0,0,2080.2912602457022,-2919.7087397542978,-0.5839417479508595,ETH
167,2022-06-17,1086.94,1.9469267760839515,1,LONG,-,5000.0,0,2116.1925899966905,-2883.8074100033095,-0.5767614820006619,ETH
168,2022-06-18,995.13,1.9469267760839515,1,LONG,-,5000.0,0,1937.4452426844227,-3062.5547573155773,-0.6125109514631154,ETH
169,2022-06-19,1128.53,1.9469267760839515,1,LONG,-,5000.0,0,2197.1652746140217,-2802.8347253859783,-0.5605669450771956,ETH
170,2022-06-20,1128.24,1.9469267760839515,1,LONG,-,5000.0,0,2196.6006658489573,-2803.3993341510427,-0.5606798668302085,ETH
171,2022-06-21,1125.85,1.9469267760839515,1,LONG,-,5000.0,0,2191.9475108541164,-2808.0524891458836,-0.5616104978291767,ETH
172,2022-06-22,1050.19,1.9469267760839515,1,LONG,-,5000.0,0,2044.6430309756051,-2955.356969024395,-0.5910713938048789,ETH
173,2022-06-23,1144.72,1.9469267760839515,1,LONG,-,5000.0,0,2228.686019118821,-2771.313980881179,-0.5542627961762358,ETH
174,2022-06-24,1225.02,1.9469267760839515,1,LONG,-,5000.0,0,2385.024239238362,-2614.975760761638,-0.5229951521523276,ETH
175,2022-06-25,1242.36,1.9469267760839515,1,LONG,-,5000.0,0,2418.783949535658,-2581.216050464342,-0.5162432100928684,ETH
176,2022-06-26,1197.79,1.9469267760839515,1,LONG,-,5000.0,0,2332.009423125596,-2667.990576874404,-0.5335981153748808,ETH
177,2022-06-27,1192.51,1.9469267760839515,1,LONG,-,5000.0,0,2321.729649747873,-2678.270350252127,-0.5356540700504254,ETH
178,2022-06-28,1144.05,1.9469267760839515,1,LONG,-,5000.0,0,2227.3815781788444,-2772.6184218211556,-0.5545236843642312,ETH
179,2022-06-29,1100.21,1.9469267760839515,1,LONG,-,5000.0,0,2142.0283083153245,-2857.9716916846755,-0.5715943383369351,ETH
180,2022-06-30,1071.01,1.9469267760839515,1,LONG,-,5000.0,0,2085.178046453673,-2914.821953546327,-0.5829643907092654,ETH
181,2022-07-01,1059.73,1.9469267760839515,1,LONG,-,5000.0,0,2063.216712419446,-2936.783287580554,-0.5873566575161108,ETH
182,2022-07-02,1067.01,1.9469267760839515,1,LONG,-,5000.0,0,2077.390339349337,-2922.609660650663,-0.5845219321301326,ETH
183,2022-07-03,1074.26,1.9469267760839515,1,LONG,-,5000.0,0,2091.5055584759457,-2908.4944415240543,-0.5816988883048109,ETH
184,2022-07-04,1151.0,1.9469267760839515,1,LONG,-,5000.0,0,2240.9127192726282,-2759.0872807273718,-0.5518174561454744,ETH
185,2022-07-05,1132.5,1.9469267760839515,1,LONG,-,5000.0,0,2204.894573915075,-2795.105426084925,-0.559021085216985,ETH
186,2022-07-06,1186.57,1.9469267760839515,1,LONG,-,5000.0,0,2310.164904697934,-2689.835095302066,-0.5379670190604132,ETH
187,2022-07-07,1237.49,1.9469267760839515,1,LONG,-,5000.0,0,2409.302416136129,-2590.697583863871,-0.5181395167727741,ETH
188,2022-07-08,1214.04,1.9469267760839515,1,LONG,-,5000.0,0,2363.6469832369603,-2636.3530167630397,-0.5272706033526079,ETH
189,2022-07-09,1217.02,1.9469267760839515,1,LONG,-,5000.0,0,2369.4488250296904,-2630.5511749703096,-0.526110234994062,ETH
190,2022-07-10,1168.36,1.9469267760839515,1,LONG,-,5000.0,0,2274.711368105445,-2725.288631894555,-0.5450577263789109,ETH
191,2022-07-11,1096.4,1.9469267760839515,1,LONG,-,5000.0,0,2134.6105172984444,-2865.3894827015556,-0.5730778965403112,ETH
192,2022-07-12,1038.58,1.9469267760839515,1,LONG,-,5000.0,0,2022.0392111052702,-2977.96078889473,-0.5955921577789459,ETH
193,2022-07-13,1115.0,1.9469267760839515,1,LONG,-,5000.0,0,2170.823355333606,-2829.176644666394,-0.5658353289332788,ETH
194,2022-07-14,1193.42,1.9469267760839515,1,LONG,-,5000.0,0,2323.5013531141094,-2676.4986468858906,-0.5352997293771781,ETH
195,2022-07-15,1231.25,1.9469267760839515,1,LONG,-,5000.0,0,2397.153593053365,-2602.846406946635,-0.520569281389327,ETH
196,2022-07-16,1355.85,1.9469267760839515,1,LONG,-,5000.0,0,2639.7406693534253,-2360.2593306465747,-0.47205186612931493,ETH
197,2022-07-17,1338.65,1.9469267760839515,1,LONG,-,5000.0,0,2606.253528804782,-2393.746471195218,-0.4787492942390436,ETH
198,2022-07-18,1581.04,1.9469267760839515,1,LONG,-,5000.0,0,3078.1691100597704,-1921.8308899402296,-0.3843661779880459,ETH
199,2022-07-19,1542.32,1.9469267760839515,1,LONG,-,5000.0,0,3002.7841052897998,-1997.2158947102002,-0.39944317894204007,ETH
200,2022-07-20,1521.58,1.9469267760839515,1,LONG,-,5000.0,0,2962.4048439538187,-2037.5951560461813,-0.40751903120923627,ETH
201,2022-07-21,1575.45,1.9469267760839515,1,LONG,-,5000.0,0,3067.2857893814617,-1932.7142106185383,-0.38654284212370765,ETH
202,2022-07-22,1535.27,1.9469267760839515,1,LONG,-,5000.0,0,2989.058271518408,-2010.9417284815918,-0.40218834569631834,ETH
203,2022-07-23,1548.67,1.9469267760839515,1,LONG,-,5000.0,0,3015.1470903179334,-1984.8529096820666,-0.3969705819364133,ETH
204,2022-07-24,1597.7,1.9469267760839515,1,LONG,-,5000.0,0,3110.6049101493295,-1889.3950898506705,-0.3778790179701341,ETH
205,2022-07-25,1440.79,1.9469267760839515,1,LONG,-,5000.0,0,2805.1126297139963,-2194.8873702860037,-0.4389774740572007,ETH
206,2022-07-26,1449.12,1.9469267760839515,1,LONG,-,5000.0,0,2821.3305297587754,-2178.6694702412246,-0.4357338940482449,ETH
207,2022-07-27,1635.74,1.9469267760839515,1,LONG,-,5000.0,0,3184.666004711563,-1815.333995288437,-0.3630667990576874,ETH
208,2022-07-28,1724.52,1.9469267760839515,1,LONG,-,5000.0,0,3357.514163892296,-1642.485836107704,-0.3284971672215408,ETH
209,2022-07-29,1721.68,1.9469267760839515,1,LONG,-,5000.0,0,3351.9848918482176,-1648.0151081517824,-0.3296030216303565,ETH
210,2022-07-30,1697.0,1.9469267760839515,1,LONG,-,5000.0,0,3303.934739014466,-1696.0652609855342,-0.33921305219710685,ETH
211,2022-07-31,1678.12,1.9469267760839515,1,LONG,-,5000.0,0,3267.1767614820005,-1732.8232385179995,-0.3465646477035999,ETH
212,2022-08-01,1630.28,1.9469267760839515,1,LONG,-,5000.0,0,3174.0357845141443,-1825.9642154858557,-0.36519284309717115,ETH
213,2022-08-02,1630.91,1.9469267760839515,1,LONG,-,5000.0,0,3175.2623483830776,-1824.7376516169224,-0.3649475303233845,ETH
214,2022-08-03,1618.16,1.9469267760839515,1,LONG,-,5000.0,0,3150.439031988007,-1849.5609680119928,-0.3699121936023986,ETH
215,2022-08-04,1607.96,1.9469267760839515,1,LONG,-,5000.0,0,3130.580378871951,-1869.4196211280491,-0.37388392422560984,ETH
216,2022-08-05,1736.81,1.9469267760839515,1,LONG,-,5000.0,0,3381.441893970368,-1618.5581060296322,-0.32371162120592645,ETH
217,2022-08-06,1690.6,1.9469267760839515,1,LONG,-,5000.0,0,3291.474407647528,-1708.525592352472,-0.3417051184704944,ETH
218,2022-08-07,1700.19,1.9469267760839515,1,LONG,-,5000.0,0,3310.1454354301736,-1689.8545645698264,-0.33797091291396525,ETH
219,2022-08-08,1777.05,1.9469267760839515,1,LONG,-,5000.0,0,3459.786227439986,-1540.2137725600141,-0.3080427545120028,ETH
220,2022-08-09,1702.76,1.9469267760839515,1,LONG,-,5000.0,0,3315.1490372447092,-1684.8509627552908,-0.33697019255105815,ETH
221,2022-08-10,1853.57,1.9469267760839515,1,LONG,-,5000.0,0,3608.7650643459297,-1391.2349356540703,-0.2782469871308141,ETH
222,2022-08-11,1880.19,1.9469267760839515,1,LONG,-,5000.0,0,3660.5922551252847,-1339.4077448747153,-0.26788154897494304,ETH
223,2022-08-12,1958.28,1.9469267760839515,1,LONG,-,5000.0,0,3812.6277670696804,-1187.3722329303196,-0.23747444658606393,ETH
224,2022-08-13,1983.55,1.9469267760839515,1,LONG,-,5000.0,0,3861.826606701322,-1138.173393298678,-0.2276346786597356,ETH
225,2022-08-14,1935.31,1.9469267760839515,1,LONG,-,5000.0,0,3767.906859023032,-1232.0931409769678,-0.24641862819539356,ETH
226,2022-08-15,1899.06,1.9469267760839515,1,LONG,-,5000.0,0,3697.330763389989,-1302.669236610011,-0.2605338473220022,ETH
227,2022-08-16,1876.67,1.9469267760839515,1,LONG,-,5000.0,0,3653.7390728734695,-1346.2609271265305,-0.2692521854253061,ETH
228,2022-08-17,1834.25,1.9469267760839515,1,LONG,-,5000.0,0,3571.150439031988,-1428.8495609680122,-0.2857699121936024,ETH
229,2022-08-18,1846.39,1.9469267760839515,1,LONG,-,5000.0,0,3594.7861300936474,-1405.2138699063526,-0.28104277398127053,ETH
230,2022-08-19,1609.01,1.9469267760839515,1,LONG,-,5000.0,0,3132.6246519868387,-1867.3753480131613,-0.37347506960263227,ETH
231,2022-08-20,1576.04,1.9469267760839515,1,LONG,-,5000.0,0,3068.434476179351,-1931.565523820649,-0.38631310476412983,ETH
232,2022-08-21,1618.13,1.9469267760839515,1,LONG,-,5000.0,0,3150.3806241847246,-1849.6193758152754,-0.3699238751630551,ETH
233,2022-08-22,1624.66,1.9469267760839515,1,LONG,-,5000.0,0,3163.094056032553,-1836.905943967447,-0.3673811887934894,ETH
234,2022-08-23,1665.41,1.9469267760839515,1,LONG,-,5000.0,0,3242.4313221579737,-1757.5686778420263,-0.35151373556840526,ETH
235,2022-08-24,1656.56,1.9469267760839515,1,LONG,-,5000.0,0,3225.2010201896305,-1774.7989798103695,-0.3549597959620739,ETH
236,2022-08-25,1695.11,1.9469267760839515,1,LONG,-,5000.0,0,3300.255047407667,-1699.744952592333,-0.3399489905184666,ETH
237,2022-08-26,1508.18,1.9469267760839515,1,LONG,-,5000.0,0,2936.316025154294,-2063.683974845706,-0.4127367949691412,ETH
238,2022-08-27,1491.06,1.9469267760839515,1,LONG,-,5000.0,0,2902.9846387477364,-2097.0153612522636,-0.4194030722504527,ETH
239,2022-08-28,1426.76,1.9469267760839515,1,LONG,-,5000.0,0,2777.797247045539,-2222.202752954461,-0.4444405505908922,ETH
240,2022-08-29,1551.8,1.9469267760839515,1,LONG,-,5000.0,0,3021.2409711270757,-1978.7590288729243,-0.39575180577458485,ETH
241,2022-08-30,1524.59,1.9469267760839515,1,LONG,-,5000.0,0,2968.2650935498314,-2031.7349064501686,-0.4063469812900337,ETH
242,2022-08-31,1554.1,1.9469267760839515,1,LONG,-,5000.0,0,3025.718902712069,-1974.281097287931,-0.3948562194575862,ETH
243,2022-09-01,1586.16,1.9469267760839515,1,LONG,-,5000.0,0,3088.1373751533206,-1911.8626248466794,-0.3823725249693359,ETH
244,2022-09-02,1575.35,1.9469267760839515,1,LONG,-,5000.0,0,3067.0910967038526,-1932.9089032961474,-0.3865817806592295,ETH
245,2022-09-03,1557.46,1.9469267760839515,1,LONG,-,5000.0,0,3032.260576679711,-1967.739423320289,-0.3935478846640578,ETH
246,2022-09-04,1579.28,1.9469267760839515,1,LONG,-,5000.0,0,3074.742518933863,-1925.2574810661372,-0.38505149621322743,ETH
247,2022-09-05,1617.8,1.9469267760839515,1,LONG,-,5000.0,0,3149.7381383486168,-1850.2618616513832,-0.37005237233027666,ETH
248,2022-09-06,1559.01,1.9469267760839515,1,LONG,-,5000.0,0,3035.2783131826413,-1964.7216868173587,-0.39294433736347173,ETH
249,2022-09-07,1630.0,1.9469267760839515,1,LONG,-,5000.0,0,3173.490645016841,-1826.509354983159,-0.3653018709966318,ETH
250,2022-09-08,1635.37,1.9469267760839515,1,LONG,-,5000.0,0,3183.9456418044115,-1816.0543581955885,-0.3632108716391177,ETH
251,2022-09-09,1718.23,1.9469267760839515,1,LONG,-,5000.0,0,3345.267994470728,-1654.732005529272,-0.33094640110585444,ETH
252,2022-09-10,1774.12,1.9469267760839515,1,LONG,-,5000.0,0,3454.08173198606,-1545.9182680139402,-0.30918365360278804,ETH
253,2022-09-11,1766.11,1.9469267760839515,1,LONG,-,5000.0,0,3438.486848509627,-1561.5131514903728,-0.3123026302980746,ETH
254,2022-09-12,1716.37,1.9469267760839515,1,LONG,-,5000.0,0,3341.6467106672117,-1658.3532893327883,-0.3316706578665577,ETH
255,2022-09-13,1574.4,1.9469267760839515,1,LONG,-,5000.0,0,3065.2415162665734,-1934.7584837334266,-0.38695169674668534,ETH
256,2022-09-14,1638.39,1.9469267760839515,1,LONG,-,5000.0,0,3189.8253606681856,-1810.1746393318144,-0.3620349278663629,ETH
257,2022-09-15,1472.75,1.9469267760839515,1,LONG,-,5000.0,0,2867.3364094776393,-2132.6635905223607,-0.42653271810447213,ETH
258,2022-09-16,1433.9,1.9469267760839515,1,LONG,-,5000.0,0,2791.6983042267784,-2208.3016957732216,-0.4416603391546443,ETH
259,2022-09-17,1468.83,1.9469267760839515,1,LONG,-,5000.0,0,2859.70445651539,-2140.29554348461,-0.428059108696922,ETH
260,2022-09-18,1334.51,1.9469267760839515,1,LONG,-,5000.0,0,2598.193251951794,-2401.806748048206,-0.48036134960964116,ETH
261,2022-09-19,1375.98,1.9469267760839515,1,LONG,-,5000.0,0,2678.9323053559956,-2321.0676946440044,-0.4642135389288009,ETH
262,2022-09-20,1322.93,1.9469267760839515,1,LONG,-,5000.0,0,2575.647839884742,-2424.352160115258,-0.4848704320230516,ETH
263,2022-09-21,1245.78,1.9469267760839515,1,LONG,-,5000.0,0,2425.442439109865,-2574.557560890135,-0.514911512178027,ETH
264,2022-09-22,1326.46,1.9469267760839515,1,LONG,-,5000.0,0,2582.5204914043184,-2417.4795085956816,-0.4834959017191363,ETH
265,2022-09-23,1327.25,1.9469267760839515,1,LONG,-,5000.0,0,2584.058563557425,-2415.941436442575,-0.48318828728851504,ETH
266,2022-09-24,1317.13,1.9469267760839515,1,LONG,-,5000.0,0,2564.355664583455,-2435.644335416545,-0.487128867083309,ETH
267,2022-09-25,1294.63,1.9469267760839515,1,LONG,-,5000.0,0,2520.5498121215664,-2479.4501878784336,-0.4958900375756867,ETH
268,2022-09-26,1336.17,1.9469267760839515,1,LONG,-,5000.0,0,2601.4251504000936,-2398.5748495999064,-0.4797149699199813,ETH
269,2022-09-27,1328.02,1.9469267760839515,1,LONG,-,5000.0,0,2585.5576971750093,-2414.4423028249907,-0.4828884605649981,ETH
270,2022-09-28,1337.2,1.9469267760839515,1,LONG,-,5000.0,0,2603.43048497946,-2396.56951502054,-0.47931390300410803,ETH
271,2022-09-29,1335.7,1.9469267760839515,1,LONG,-,5000.0,0,2600.510094815334,-2399.489905184666,-0.4798979810369332,ETH
272,2022-09-30,1328.72,1.9469267760839515,1,LONG,-,5000.0,0,2586.920545918268,-2413.079454081732,-0.48261589081634637,ETH
273,2022-10-01,1311.79,1.9469267760839515,1,LONG,-,5000.0,0,2553.9590755991667,-2446.0409244008333,-0.48920818488016665,ETH
274,2022-10-02,1276.72,1.9469267760839515,1,LONG,-,5000.0,0,2485.6803535619024,-2514.3196464380976,-0.5028639292876195,ETH
275,2022-10-03,1323.09,1.9469267760839515,1,LONG,-,5000.0,0,2575.9593481689153,-2424.0406518310847,-0.48480813036621695,ETH
276,2022-10-04,1361.49,1.9469267760839515,1,LONG,-,5000.0,0,2650.721336370539,-2349.278663629461,-0.46985573272589215,ETH
277,2022-10-05,1352.2,1.9469267760839515,1,LONG,-,5000.0,0,2632.6343866207194,-2367.3656133792806,-0.4734731226758561,ETH
278,2022-10-06,1352.06,1.9469267760839515,1,LONG,-,5000.0,0,2632.3618168720673,-2367.6381831279327,-0.47352763662558656,ETH
279,2022-10-07,1331.1,1.9469267760839515,1,LONG,-,5000.0,0,2591.5542316453475,-2408.4457683546525,-0.4816891536709305,ETH
280,2022-10-08,1315.48,1.9469267760839515,1,LONG,-,5000.0,0,2561.1432354029166,-2438.8567645970834,-0.4877713529194167,ETH
281,2022-10-09,1323.13,1.9469267760839515,1,LONG,-,5000.0,0,2576.037225239959,-2423.962774760041,-0.48479255495200824,ETH
282,2022-10-10,1290.03,1.9469267760839515,1,LONG,-,5000.0,0,2511.59394895158,-2488.40605104842,-0.49768121020968403,ETH
283,2022-10-11,1280.11,1.9469267760839515,1,LONG,-,5000.0,0,2492.280435332827,-2507.719564667173,-0.5015439129334346,ETH
284,2022-10-12,1294.44,1.9469267760839515,1,LONG,-,5000.0,0,2520.1798960341102,-2479.8201039658898,-0.495964020793178,ETH
285,2022-10-13,1287.08,1.9469267760839515,1,LONG,-,5000.0,0,2505.850514962132,-2494.149485037868,-0.49882989700757363,ETH
286,2022-10-14,1296.27,1.9469267760839515,1,LONG,-,5000.0,0,2523.742772034344,-2476.257227965656,-0.4952514455931312,ETH
287,2022-10-15,1274.92,1.9469267760839515,1,LONG,-,5000.0,0,2482.1758853649517,-2517.8241146350483,-0.5035648229270097,ETH
288,2022-10-16,1305.95,1.9469267760839515,1,LONG,-,5000.0,0,2542.5890232268366,-2457.4109767731634,-0.49148219535463267,ETH
289,2022-10-17,1331.4,1.9469267760839515,1,LONG,-,5000.0,0,2592.1383096781733,-2407.8616903218267,-0.48157233806436534,ETH
290,2022-10-18,1310.71,1.9469267760839515,1,LONG,-,5000.0,0,2551.8563946809963,-2448.1436053190037,-0.48962872106380073,ETH
291,2022-10-19,1285.09,1.9469267760839515,1,LONG,-,5000.0,0,2501.976130677725,-2498.023869322275,-0.499604773864455,ETH
292,2022-10-20,1282.57,1.9469267760839515,1,LONG,-,5000.0,0,2497.0698752019935,-2502.9301247980065,-0.5005860249596014,ETH
293,2022-10-21,1299.75,1.9469267760839515,1,LONG,-,5000.0,0,2530.518077215116,-2469.481922784884,-0.49389638455697676,ETH
294,2022-10-22,1313.61,1.9469267760839515,1,LONG,-,5000.0,0,2557.5024823316394,-2442.4975176683606,-0.4884995035336721,ETH
295,2022-10-23,1364.2,1.9469267760839515,1,LONG,-,5000.0,0,2655.997507933727,-2344.002492066273,-0.4688004984132546,ETH
296,2022-10-24,1343.61,1.9469267760839515,1,LONG,-,5000.0,0,2615.910285614158,-2384.089714385842,-0.4768179428771684,ETH
297,2022-10-25,1459.74,1.9469267760839515,1,LONG,-,5000.0,0,2842.006892120787,-2157.993107879213,-0.43159862157584256,ETH
298,2022-10-26,1566.1,1.9469267760839515,1,LONG,-,5000.0,0,3049.0820240250764,-1950.9179759749236,-0.39018359519498474,ETH
299,2022-10-27,1514.05,1.9469267760839515,1,LONG,-,5000.0,0,2947.7444853299066,-2052.2555146700934,-0.41045110293401865,ETH
300,2022-10-28,1554.41,1.9469267760839515,1,LONG,-,5000.0,0,3026.3224500126553,-1973.6775499873447,-0.3947355099974689,ETH
301,2022-10-29,1619.55,1.9469267760839515,1,LONG,-,5000.0,0,3153.1452602067634,-1846.8547397932366,-0.36937094795864733,ETH
302,2022-10-30,1590.44,1.9469267760839515,1,LONG,-,5000.0,0,3096.4702217549598,-1903.5297782450402,-0.38070595564900805,ETH
303,2022-10-31,1572.69,1.9469267760839515,1,LONG,-,5000.0,0,3061.91227147947,-1938.0877285205302,-0.38761754570410606,ETH
304,2022-11-01,1578.48,1.9469267760839515,1,LONG,-,5000.0,0,3073.184977512996,-1926.8150224870042,-0.38536300449740085,ETH
305,2022-11-02,1518.34,1.9469267760839515,1,LONG,-,5000.0,0,2956.096801199307,-2043.9031988006932,-0.4087806397601386,ETH
306,2022-11-03,1531.01,1.9469267760839515,1,LONG,-,5000.0,0,2980.7643634522906,-2019.2356365477094,-0.40384712730954186,ETH
307,2022-11-04,1644.78,1.9469267760839515,1,LONG,-,5000.0,0,3202.266222767362,-1797.7337772326382,-0.35954675544652764,ETH
308,2022-11-05,1626.98,1.9469267760839515,1,LONG,-,5000.0,0,3167.6109261530673,-1832.3890738469327,-0.3664778147693865,ETH
309,2022-11-06,1568.29,1.9469267760839515,1,LONG,-,5000.0,0,3053.3457936647,-1946.6542063353,-0.38933084126705997,ETH
310,2022-11-07,1568.1,1.9469267760839515,1,LONG,-,5000.0,0,3052.9758775772443,-1947.0241224227557,-0.38940482448455116,ETH
311,2022-11-08,1334.77,1.9469267760839515,1,LONG,-,5000.0,0,2598.699452913576,-2401.300547086424,-0.4802601094172848,ETH
312,2022-11-09,1102.73,1.9469267760839515,1,LONG,-,5000.0,0,2146.934563791056,-2853.065436208944,-0.5706130872417888,ETH
313,2022-11-10,1299.28,1.9469267760839515,1,LONG,-,5000.0,0,2529.6030216303566,-2470.3969783696434,-0.49407939567392867,ETH
314,2022-11-11,1289.28,1.9469267760839515,1,LONG,-,5000.0,0,2510.133753869517,-2489.866246130483,-0.4979732492260966,ETH
315,2022-11-12,1257.25,1.9469267760839515,1,LONG,-,5000.0,0,2447.773689231548,-2552.226310768452,-0.5104452621536905,ETH
316,2022-11-13,1221.49,1.9469267760839515,1,LONG,-,5000.0,0,2378.151587718786,-2621.848412281214,-0.5243696824562428,ETH
317,2022-11-14,1243.28,1.9469267760839515,1,LONG,-,5000.0,0,2420.575122169655,-2579.424877830345,-0.5158849755660689,ETH
318,2022-11-15,1253.23,1.9469267760839515,1,LONG,-,5000.0,0,2439.9470435916905,-2560.0529564083095,-0.5120105912816619,ETH
319,2022-11-16,1216.17,1.9469267760839515,1,LONG,-,5000.0,0,2367.7939372700193,-2632.2060627299807,-0.5264412125459962,ETH
320,2022-11-17,1200.43,1.9469267760839515,1,LONG,-,5000.0,0,2337.149309814458,-2662.850690185542,-0.5325701380371084,ETH
321,2022-11-18,1212.58,1.9469267760839515,1,LONG,-,5000.0,0,2360.8044701438776,-2639.1955298561224,-0.5278391059712245,ETH
322,2022-11-19,1217.67,1.9469267760839515,1,LONG,-,5000.0,0,2370.714327434145,-2629.285672565855,-0.525857134513171,ETH
323,2022-11-20,1142.21,1.9469267760839515,1,LONG,-,5000.0,0,2223.79923291085,-2776.20076708915,-0.55524015341783,ETH
324,2022-11-21,1107.34,1.9469267760839515,1,LONG,-,5000.0,0,2155.9098962288026,-2844.0901037711974,-0.5688180207542395,ETH
325,2022-11-22,1139.6,1.9469267760839515,1,LONG,-,5000.0,0,2218.717754025271,-2781.282245974729,-0.5562564491949458,ETH
326,2022-11-23,1184.52,1.9469267760839515,1,LONG,-,5000.0,0,2306.173704806962,-2693.826295193038,-0.5387652590386076,ETH
327,2022-11-24,1203.73,1.9469267760839515,1,LONG,-,5000.0,0,2343.574168175535,-2656.425831824465,-0.531285166364893,ETH
328,2022-11-25,1199.3,1.9469267760839515,1,LONG,-,5000.0,0,2334.949282557483,-2665.050717442517,-0.5330101434885034,ETH
329,2022-11-26,1205.6,1.9469267760839515,1,LONG,-,5000.0,0,2347.2149212468116,-2652.7850787531884,-0.5305570157506376,ETH
330,2022-11-27,1193.88,1.9469267760839515,1,LONG,-,5000.0,0,2324.3969394311084,-2675.6030605688916,-0.5351206121137784,ETH
331,2022-11-28,1167.77,1.9469267760839515,1,LONG,-,5000.0,0,2273.562681307556,-2726.437318692444,-0.5452874637384888,ETH
332,2022-11-29,1216.49,1.9469267760839515,1,LONG,-,5000.0,0,2368.416953838366,-2631.583046161634,-0.5263166092323267,ETH
333,2022-11-30,1294.46,1.9469267760839515,1,LONG,-,5000.0,0,2520.218834569632,-2479.781165430368,-0.4959562330860736,ETH
334,2022-12-01,1276.41,1.9469267760839515,1,LONG,-,5000.0,0,2485.0768062613165,-2514.9231937386835,-0.5029846387477367,ETH
335,2022-12-02,1295.59,1.9469267760839515,1,LONG,-,5000.0,0,2522.4188618266066,-2477.5811381733934,-0.4955162276346787,ETH
336,2022-12-03,1240.51,1.9469267760839515,1,LONG,-,5000.0,0,2415.1821349999027,-2584.8178650000973,-0.5169635730000195,ETH
337,2022-12-04,1279.41,1.9469267760839515,1,LONG,-,5000.0,0,2490.9175865895686,-2509.0824134104314,-0.5018164826820862,ETH
338,2022-12-05,1259.41,1.9469267760839515,1,LONG,-,5000.0,0,2451.9790510678895,-2548.0209489321105,-0.5096041897864221,ETH
339,2022-12-06,1271.32,1.9469267760839515,1,LONG,-,5000.0,0,2475.166948971049,-2524.833051028951,-0.5049666102057903,ETH
340,2022-12-07,1231.18,1.9469267760839515,1,LONG,-,5000.0,0,2397.0173081790394,-2602.9826918209606,-0.5205965383641921,ETH
341,2022-12-08,1280.18,1.9469267760839515,1,LONG,-,5000.0,0,2492.416720207153,-2507.583279792847,-0.5015166559585694,ETH
342,2022-12-09,1263.1,1.9469267760839515,1,LONG,-,5000.0,0,2459.163210871639,-2540.836789128361,-0.5081673578256722,ETH
343,2022-12-10,1266.35,1.9469267760839515,1,LONG,-,5000.0,0,2465.490722893912,-2534.509277106088,-0.5069018554212176,ETH
344,2022-12-11,1263.01,1.9469267760839515,1,LONG,-,5000.0,0,2458.9879874617914,-2541.0120125382086,-0.5082024025076417,ETH
345,2022-12-12,1275.4,1.9469267760839515,1,LONG,-,5000.0,0,2483.110410217472,-2516.889589782528,-0.5033779179565057,ETH
346,2022-12-13,1320.69,1.9469267760839515,1,LONG,-,5000.0,0,2571.286723906314,-2428.713276093686,-0.4857426552187372,ETH
347,2022-12-14,1307.44,1.9469267760839515,1,LONG,-,5000.0,0,2545.4899441232014,-2454.5100558767986,-0.4909020111753597,ETH
348,2022-12-15,1266.54,1.9469267760839515,1,LONG,-,5000.0,0,2465.8606389813676,-2534.1393610186324,-0.5068278722037265,ETH
349,2022-12-16,1166.83,1.9469267760839515,1,LONG,-,5000.0,0,2271.732570138037,-2728.267429861963,-0.5456534859723926,ETH
350,2022-12-17,1187.16,1.9469267760839515,1,LONG,-,5000.0,0,2311.313591495824,-2688.686408504176,-0.5377372817008352,ETH
351,2022-12-18,1183.06,1.9469267760839515,1,LONG,-,5000.0,0,2303.3311917138794,-2696.6688082861206,-0.5393337616572241,ETH
352,2022-12-19,1167.82,1.9469267760839515,1,LONG,-,5000.0,0,2273.66002764636,-2726.33997235364,-0.5452679944707279,ETH
353,2022-12-20,1216.94,1.9469267760839515,1,LONG,-,5000.0,0,2369.2930708876042,-2630.7069291123958,-0.5261413858224792,ETH
354,2022-12-21,1213.78,1.9469267760839515,1,LONG,-,5000.0,0,2363.1407822751785,-2636.8592177248215,-0.5273718435449644,ETH
355,2022-12-22,1217.71,1.9469267760839515,1,LONG,-,5000.0,0,2370.7922045051887,-2629.2077954948113,-0.5258415590989622,ETH
356,2022-12-23,1219.99,1.9469267760839515,1,LONG,-,5000.0,0,2375.23119755466,-2624.76880244534,-0.524953760489068,ETH
357,2022-12-24,1220.41,1.9469267760839515,1,LONG,-,5000.0,0,2376.0489068006154,-2623.9510931993846,-0.524790218639877,ETH
358,2022-12-25,1218.51,1.9469267760839515,1,LONG,-,5000.0,0,2372.3497459260557,-2627.6502540739443,-0.5255300508147889,ETH
359,2022-12-26,1228.11,1.9469267760839515,1,LONG,-,5000.0,0,2391.0402429764613,-2608.9597570235387,-0.5217919514047077,ETH
360,2022-12-27,1211.55,1.9469267760839515,1,LONG,-,5000.0,0,2358.7991355645113,-2641.2008644354887,-0.5282401728870978,ETH
361,2022-12-28,1190.15,1.9469267760839515,1,LONG,-,5000.0,0,2317.134902556315,-2682.865097443685,-0.536573019488737,ETH
362,2022-12-29,1200.49,1.9469267760839515,1,LONG,-,5000.0,0,2337.266125421023,-2662.733874578977,-0.5325467749157954,ETH
363,2022-12-30,1199.99,1.9469267760839515,1,LONG,-,5000.0,0,2336.292662032981,-2663.707337967019,-0.5327414675934038,ETH
364,2022-12-31,1196.13,1.9469267760839515,1,LONG,-,5000.0,0,2328.777524677297,-2671.222475322703,-0.5342444950645405,ETH
365,2023-01-01,1200.34,1.9469267760839515,1,LONG,-,5000.0,0,2336.9740864046103,-2663.0259135953897,-0.532605182719078,ETH
366,2023-01-02,1214.0,1.9469267760839515,1,LONG,-,5000.0,0,2363.569106165917,-2636.430893834083,-0.5272861787668166,ETH
367,2023-01-03,1214.55,1.9469267760839515,1,LONG,-,5000.0,0,2364.6399158927634,-2635.3600841072366,-0.5270720168214473,ETH
368,2023-01-04,1256.9,1.9469267760839515,1,LONG,-,5000.0,0,2447.092264859919,-2552.907735140081,-0.5105815470280162,ETH
369,2023-01-05,1251.24,1.9469267760839515,1,LONG,-,5000.0,0,2436.0726593072836,-2563.9273406927164,-0.5127854681385433,ETH
370,2023-01-06,1269.14,1.9469267760839515,1,LONG,-,5000.0,0,2470.9226485991862,-2529.0773514008138,-0.5058154702801627,ETH
371,2023-01-07,1264.07,1.9469267760839515,1,LONG,-,5000.0,0,2461.0517298444406,-2538.9482701555594,-0.5077896540311119,ETH
372,2023-01-08,1290.16,1.9469267760839515,1,LONG,-,5000.0,0,2511.847049432471,-2488.152950567529,-0.4976305901135058,ETH
373,2023-01-09,1320.39,1.9469267760839515,1,LONG,-,5000.0,0,2570.702645873489,-2429.297354126511,-0.4858594708253022,ETH
374,2023-01-10,1335.62,1.9469267760839515,1,LONG,-,5000.0,0,2600.354340673247,-2399.645659326753,-0.47992913186535063,ETH
375,2023-01-11,1389.39,1.9469267760839515,1,LONG,-,5000.0,0,2705.0405934232817,-2294.9594065767183,-0.45899188131534363,ETH
376,2023-01-12,1415.92,1.9469267760839515,1,LONG,-,5000.0,0,2756.6925607927888,-2243.3074392072112,-0.4486614878414423,ETH
377,2023-01-13,1451.2,1.9469267760839515,1,LONG,-,5000.0,0,2825.3801374530303,-2174.6198625469697,-0.4349239725093939,ETH
378,2023-01-14,1549.9,1.9469267760839515,1,LONG,-,5000.0,0,3017.5418102525164,-1982.4581897474836,-0.3964916379494967,ETH
379,2023-01-15,1552.52,1.9469267760839515,1,LONG,-,5000.0,0,3022.6427584058565,-1977.3572415941435,-0.3954714483188287,ETH
380,2023-01-16,1576.94,1.9469267760839515,1,LONG,-,5000.0,0,3070.1867102778265,-1929.8132897221735,-0.3859626579444347,ETH
381,2023-01-17,1565.57,1.9469267760839515,1,LONG,-,5000.0,0,3048.050152833752,-1951.9498471662482,-0.39038996943324966,ETH
382,2023-01-18,1511.43,1.9469267760839515,1,LONG,-,5000.0,0,2942.643537176567,-2057.356462823433,-0.4114712925646866,ETH
383,2023-01-19,1551.09,1.9469267760839515,1,LONG,-,5000.0,0,3019.8586531160563,-1980.1413468839437,-0.39602826937678876,ETH
384,2023-01-20,1658.52,1.9469267760839515,1,LONG,-,5000.0,0,3229.0169966707554,-1770.9830033292446,-0.3541966006658489,ETH
385,2023-01-21,1626.66,1.9469267760839515,1,LONG,-,5000.0,0,3166.9879095847205,-1833.0120904152795,-0.36660241808305594,ETH
386,2023-01-22,1627.44,1.9469267760839515,1,LONG,-,5000.0,0,3168.506512470066,-1831.493487529934,-0.3662986975059868,ETH
387,2023-01-23,1626.29,1.9469267760839515,1,LONG,-,5000.0,0,3166.2675466775695,-1833.7324533224305,-0.3667464906644861,ETH
388,2023-01-24,1555.97,1.9469267760839515,1,LONG,-,5000.0,0,3029.359655783346,-1970.6403442166538,-0.3941280688433308,ETH
389,2023-01-25,1611.94,1.9469267760839515,1,LONG,-,5000.0,0,3138.3291474407647,-1861.6708525592353,-0.3723341705118471,ETH
390,2023-01-26,1601.09,1.9469267760839515,1,LONG,-,5000.0,0,3117.2049919202536,-1882.7950080797464,-0.3765590016159493,ETH
391,2023-01-27,1597.62,1.9469267760839515,1,LONG,-,5000.0,0,3110.4491560072424,-1889.5508439927576,-0.3779101687985515,ETH
392,2023-01-28,1572.1,1.9469267760839515,1,LONG,-,5000.0,0,3060.76358468158,-1939.2364153184199,-0.387847283063684,ETH
393,2023-01-29,1644.72,1.9469267760839515,1,LONG,-,5000.0,0,3202.1494071607967,-1797.8505928392033,-0.35957011856784066,ETH
394,2023-01-30,1566.2,1.9469267760839515,1,LONG,-,5000.0,0,3049.276716702685,-1950.723283297315,-0.390144656659463,ETH
395,2023-01-31,1585.33,1.9469267760839515,1,LONG,-,5000.0,0,3086.5214259291706,-1913.4785740708294,-0.38269571481416587,ETH
396,2023-02-01,1641.68,1.9469267760839515,1,LONG,-,5000.0,0,3196.2307497615016,-1803.7692502384984,-0.36075385004769966,ETH
397,2023-02-02,1643.12,1.9469267760839515,1,LONG,-,5000.0,0,3199.0343243190623,-1800.9656756809377,-0.36019313513618756,ETH
398,2023-02-03,1663.52,1.9469267760839515,1,LONG,-,5000.0,0,3238.751630551175,-1761.248369448825,-0.352249673889765,ETH
399,2023-02-04,1679.88,1.9469267760839515,1,LONG,-,5000.0,0,3270.6033526079086,-1729.3966473920914,-0.34587932947841826,ETH
400,2023-02-05,1629.02,1.9469267760839515,1,LONG,-,5000.0,0,3171.582656776279,-1828.4173432237212,-0.36568346864474427,ETH
401,2023-02-06,1614.29,1.9469267760839515,1,LONG,-,5000.0,0,3142.904425364562,-1857.095574635438,-0.37141911492708757,ETH
402,2023-02-07,1630.69,1.9469267760839515,1,LONG,-,5000.0,0,3174.834024492339,-1825.1659755076612,-0.36503319510153226,ETH
403,2023-02-08,1650.43,1.9469267760839515,1,LONG,-,5000.0,0,3213.266359052236,-1786.733640947764,-0.35734672818955276,ETH
404,2023-02-09,1545.35,1.9469267760839515,1,LONG,-,5000.0,0,3008.6832934213344,-1991.3167065786656,-0.3982633413157331,ETH
405,2023-02-10,1513.06,1.9469267760839515,1,LONG,-,5000.0,0,2945.8170278215835,-2054.1829721784165,-0.4108365944356833,ETH
406,2023-02-11,1538.51,1.9469267760839515,1,LONG,-,5000.0,0,2995.36631427292,-2004.6336857270799,-0.400926737145416,ETH
407,2023-02-12,1514.83,1.9469267760839515,1,LONG,-,5000.0,0,2949.263088215252,-2050.736911784748,-0.4101473823569496,ETH
408,2023-02-13,1505.24,1.9469267760839515,1,LONG,-,5000.0,0,2930.592060432607,-2069.407939567393,-0.4138815879134786,ETH
409,2023-02-14,1555.71,1.9469267760839515,1,LONG,-,5000.0,0,3028.8534548215644,-1971.1465451784356,-0.39422930903568715,ETH
410,2023-02-15,1674.92,1.9469267760839515,1,LONG,-,5000.0,0,3260.946595798532,-1739.0534042014679,-0.3478106808402936,ETH
411,2023-02-16,1637.84,1.9469267760839515,1,LONG,-,5000.0,0,3188.754550941339,-1811.245449058661,-0.3622490898117322,ETH
412,2023-02-17,1693.87,1.9469267760839515,1,LONG,-,5000.0,0,3297.8408582053225,-1702.1591417946775,-0.3404318283589355,ETH
413,2023-02-18,1695.34,1.9469267760839515,1,LONG,-,5000.0,0,3300.7028405661663,-1699.2971594338337,-0.33985943188676676,ETH
414,2023-02-19,1679.75,1.9469267760839515,1,LONG,-,5000.0,0,3270.3502521270175,-1729.6497478729825,-0.3459299495745965,ETH
415,2023-02-20,1703.27,1.9469267760839515,1,LONG,-,5000.0,0,3316.141969900512,-1683.8580300994881,-0.33677160601989764,ETH
416,2023-02-21,1659.76,1.9469267760839515,1,LONG,-,5000.0,0,3231.4311858730994,-1768.5688141269006,-0.35371376282538014,ETH
417,2023-02-22,1643.14,1.9469267760839515,1,LONG,-,5000.0,0,3199.0732628545843,-1800.9267371454157,-0.36018534742908315,ETH
418,2023-02-23,1650.53,1.9469267760839515,1,LONG,-,5000.0,0,3213.4610517298443,-1786.5389482701557,-0.35730778965403115,ETH
419,2023-02-24,1607.8,1.9469267760839515,1,LONG,-,5000.0,0,3130.268870587777,-1869.7311294122228,-0.3739462258824446,ETH
420,2023-02-25,1594.58,1.9469267760839515,1,LONG,-,5000.0,0,3104.5304986079473,-1895.4695013920527,-0.37909390027841056,ETH
421,2023-02-26,1633.14,1.9469267760839515,1,LONG,-,5000.0,0,3179.6039950937447,-1820.3960049062553,-0.36407920098125107,ETH
422,2023-02-27,1636.38,1.9469267760839515,1,LONG,-,5000.0,0,3185.9120378482567,-1814.0879621517433,-0.36281759243034867,ETH
423,2023-02-28,1605.23,1.9469267760839515,1,LONG,-,5000.0,0,3125.2652687732416,-1874.7347312267584,-0.3749469462453517,ETH
424,2023-03-01,1665.22,1.9469267760839515,1,LONG,-,5000.0,0,3242.061406070518,-1757.938593929482,-0.3515877187858964,ETH
425,2023-03-02,1647.86,1.9469267760839515,1,LONG,-,5000.0,0,3208.2627572377,-1791.7372427623,-0.35834744855246,ETH
426,2023-03-03,1564.36,1.9469267760839515,1,LONG,-,5000.0,0,3045.6943714346903,-1954.3056285653097,-0.3908611257130619,ETH
427,2023-03-04,1566.73,1.9469267760839515,1,LONG,-,5000.0,0,3050.308587894009,-1949.6914121059908,-0.38993828242119816,ETH
428,2023-03-05,1564.58,1.9469267760839515,1,LONG,-,5000.0,0,3046.1226953254286,-1953.8773046745714,-0.3907754609349143,ETH
429,2023-03-06,1562.24,1.9469267760839515,1,LONG,-,5000.0,0,3041.5668866693923,-1958.4331133306077,-0.39168662266612153,ETH
430,2023-03-07,1558.18,1.9469267760839515,1,LONG,-,5000.0,0,3033.662363958492,-1966.3376360415082,-0.39326752720830166,ETH
431,2023-03-08,1554.63,1.9469267760839515,1,LONG,-,5000.0,0,3026.7507739033936,-1973.2492260966064,-0.3946498452193213,ETH
432,2023-03-09,1437.32,1.9469267760839515,1,LONG,-,5000.0,0,2798.356793800985,-2201.643206199015,-0.440328641239803,ETH
433,2023-03-10,1426.44,1.9469267760839515,1,LONG,-,5000.0,0,2777.174230477192,-2222.825769522808,-0.44456515390456164,ETH
434,2023-03-11,1471.97,1.9469267760839515,1,LONG,-,5000.0,0,2865.817806592294,-2134.182193407706,-0.4268364386815412,ETH
435,2023-03-12,1580.33,1.9469267760839515,1,LONG,-,5000.0,0,3076.786792048751,-1923.213207951249,-0.3846426415902498,ETH
436,2023-03-13,1673.45,1.9469267760839515,1,LONG,-,5000.0,0,3258.084613437689,-1741.9153865623111,-0.3483830773124622,ETH
437,2023-03-14,1745.38,1.9469267760839515,1,LONG,-,5000.0,0,3398.1270564414076,-1601.8729435585924,-0.3203745887117185,ETH
438,2023-03-15,1649.96,1.9469267760839515,1,LONG,-,5000.0,0,3212.3513034674766,-1787.6486965325234,-0.35752973930650467,ETH
439,2023-03-16,1673.73,1.9469267760839515,1,LONG,-,5000.0,0,3258.629752934992,-1741.3702470650078,-0.34827404941300155,ETH
440,2023-03-17,1789.27,1.9469267760839515,1,LONG,-,5000.0,0,3483.577672643732,-1516.422327356268,-0.3032844654712536,ETH
441,2023-03-18,1758.84,1.9469267760839515,1,LONG,-,5000.0,0,3424.332690847497,-1575.667309152503,-0.3151334618305006,ETH
442,2023-03-19,1780.68,1.9469267760839515,1,LONG,-,5000.0,0,3466.8535716371707,-1533.1464283628293,-0.30662928567256587,ETH
443,2023-03-20,1732.78,1.9469267760839515,1,LONG,-,5000.0,0,3373.5957790627494,-1626.4042209372506,-0.3252808441874501,ETH
444,2023-03-21,1801.23,1.9469267760839515,1,LONG,-,5000.0,0,3506.862916885696,-1493.137083114304,-0.2986274166228608,ETH
445,2023-03-22,1734.33,1.9469267760839515,1,LONG,-,5000.0,0,3376.6135155656793,-1623.3864844343207,-0.32467729688686414,ETH
446,2023-03-23,1813.79,1.9469267760839515,1,LONG,-,5000.0,0,3531.31631719331,-1468.6836828066898,-0.293736736561338,ETH
447,2023-03-24,1749.57,1.9469267760839515,1,LONG,-,5000.0,0,3406.2846796331987,-1593.7153203668013,-0.3187430640733603,ETH
448,2023-03-25,1753.23,1.9469267760839515,1,LONG,-,5000.0,0,3413.410431633666,-1586.5895683663339,-0.3173179136732668,ETH
449,2023-03-26,1773.88,1.9469267760839515,1,LONG,-,5000.0,0,3453.6144695598,-1546.3855304402,-0.30927710608804,ETH
450,2023-03-27,1715.22,1.9469267760839515,1,LONG,-,5000.0,0,3339.4077448747153,-1660.5922551252847,-0.33211845102505694,ETH
451,2023-03-28,1772.99,1.9469267760839515,1,LONG,-,5000.0,0,3451.881704729085,-1548.118295270915,-0.309623659054183,ETH
452,2023-03-29,1793.07,1.9469267760839515,1,LONG,-,5000.0,0,3490.9759943928507,-1509.0240056071493,-0.3018048011214299,ETH
453,2023-03-30,1793.61,1.9469267760839515,1,LONG,-,5000.0,0,3492.027334851936,-1507.9726651480642,-0.3015945330296128,ETH
454,2023-03-31,1821.52,1.9469267760839515,1,LONG,-,5000.0,0,3546.3660611724395,-1453.6339388275605,-0.2907267877655121,ETH
455,2023-04-01,1820.79,1.9469267760839515,1,LONG,-,5000.0,0,3544.944804625898,-1455.055195374102,-0.2910110390748204,ETH
456,2023-04-02,1794.51,1.9469267760839515,1,LONG,-,5000.0,0,3493.779568950412,-1506.2204310495881,-0.3012440862099176,ETH
457,2023-04-03,1810.51,1.9469267760839515,1,LONG,-,5000.0,0,3524.930397367755,-1475.0696026322448,-0.295013920526449,ETH
458,2023-04-04,1870.37,1.9469267760839515,1,LONG,-,5000.0,0,3641.47343418414,-1358.52656581586,-0.27170531316317204,ETH
459,2023-04-05,1908.69,1.9469267760839515,1,LONG,-,5000.0,0,3716.0796682436776,-1283.9203317563224,-0.2567840663512645,ETH
460,2023-04-06,1872.41,1.9469267760839515,1,LONG,-,5000.0,0,3645.445164807352,-1354.5548351926482,-0.2709109670385296,ETH
461,2023-04-07,1863.72,1.9469267760839515,1,LONG,-,5000.0,0,3628.526371123182,-1371.473628876818,-0.2742947257753636,ETH
462,2023-04-08,1848.82,1.9469267760839515,1,LONG,-,5000.0,0,3599.517162159531,-1400.482837840469,-0.2800965675680938,ETH
463,2023-04-09,1858.92,1.9469267760839515,1,LONG,-,5000.0,0,3619.181122597979,-1380.818877402021,-0.27616377548040416,ETH
464,2023-04-10,1910.2,1.9469267760839515,1,LONG,-,5000.0,0,3719.0195276755644,-1280.9804723244356,-0.2561960944648871,ETH
465,2023-04-11,1889.86,1.9469267760839515,1,LONG,-,5000.0,0,3679.4190370500164,-1320.5809629499836,-0.2641161925899967,ETH
466,2023-04-12,1917.39,1.9469267760839515,1,LONG,-,5000.0,0,3733.017931195608,-1266.982068804392,-0.2533964137608784,ETH
467,2023-04-13,2012.01,1.9469267760839515,1,LONG,-,5000.0,0,3917.236142748671,-1082.7638572513288,-0.21655277145026575,ETH
468,2023-04-14,2099.99,1.9469267760839515,1,LONG,-,5000.0,0,4088.526760508537,-911.4732394914631,-0.1822946478982926,ETH
469,2023-04-15,2090.6,1.9469267760839515,1,LONG,-,5000.0,0,4070.245118081109,-929.754881918891,-0.1859509763837782,ETH
470,2023-04-16,2090.0,1.9469267760839515,1,LONG,-,5000.0,0,4069.076962015459,-930.9230379845412,-0.18618460759690825,ETH
471,2023-04-17,2074.0,1.9469267760839515,1,LONG,-,5000.0,0,4037.9261335981155,-962.0738664018845,-0.1924147732803769,ETH
472,2023-04-18,2103.5,1.9469267760839515,1,LONG,-,5000.0,0,4095.360473492592,-904.6395265074079,-0.1809279053014816,ETH
473,2023-04-19,1933.73,1.9469267760839515,1,LONG,-,5000.0,0,3764.8307147168193,-1235.1692852831807,-0.24703385705663614,ETH
474,2023-04-20,1942.98,1.9469267760839515,1,LONG,-,5000.0,0,3782.839787395596,-1217.160212604404,-0.2434320425208808,ETH
475,2023-04-21,1848.78,1.9469267760839515,1,LONG,-,5000.0,0,3599.439285088488,-1400.5607149115122,-0.2801121429823024,ETH
476,2023-04-22,1874.16,1.9469267760839515,1,LONG,-,5000.0,0,3648.8522866654985,-1351.1477133345015,-0.2702295426669003,ETH
477,2023-04-23,1862.0,1.9469267760839515,1,LONG,-,5000.0,0,3625.177657068318,-1374.8223429316822,-0.27496446858633644,ETH
478,2023-04-24,1841.84,1.9469267760839515,1,LONG,-,5000.0,0,3585.927613262465,-1414.072386737535,-0.282814477347507,ETH
479,2023-04-25,1866.1,1.9469267760839515,1,LONG,-,5000.0,0,3633.1600568502618,-1366.8399431497382,-0.27336798862994766,ETH
480,2023-04-26,1866.01,1.9469267760839515,1,LONG,-,5000.0,0,3632.984833440414,-1367.0151665595859,-0.2734030333119172,ETH
481,2023-04-27,1908.68,1.9469267760839515,1,LONG,-,5000.0,0,3716.0601989759166,-1283.9398010240834,-0.2567879602048167,ETH
482,2023-04-28,1890.94,1.9469267760839515,1,LONG,-,5000.0,0,3681.521717968187,-1318.4782820318128,-0.26369565640636256,ETH
483,2023-04-29,1907.8,1.9469267760839515,1,LONG,-,5000.0,0,3714.3469034129625,-1285.6530965870375,-0.2571306193174075,ETH
484,2023-04-30,1870.09,1.9469267760839515,1,LONG,-,5000.0,0,3640.9282946868366,-1359.0717053131634,-0.2718143410626327,ETH
485,2023-05-01,1830.73,1.9469267760839515,1,LONG,-,5000.0,0,3564.2972567801726,-1435.7027432198274,-0.2871405486439655,ETH
486,2023-05-02,1870.08,1.9469267760839515,1,LONG,-,5000.0,0,3640.908825419076,-1359.091174580924,-0.2718182349161848,ETH
487,2023-05-03,1905.12,1.9469267760839515,1,LONG,-,5000.0,0,3709.1291396530573,-1290.8708603469427,-0.25817417206938853,ETH
488,2023-05-04,1877.07,1.9469267760839515,1,LONG,-,5000.0,0,3654.5178435839025,-1345.4821564160975,-0.2690964312832195,ETH
489,2023-05-05,1993.3,1.9469267760839515,1,LONG,-,5000.0,0,3880.80914276814,-1119.1908572318598,-0.22383817144637197,ETH
490,2023-05-06,1896.33,1.9469267760839515,1,LONG,-,5000.0,0,3692.0156532912797,-1307.9843467087203,-0.26159686934174403,ETH
491,2023-05-07,1870.4,1.9469267760839515,1,LONG,-,5000.0,0,3641.531841987423,-1358.468158012577,-0.2716936316025154,ETH
492,2023-05-08,1847.56,1.9469267760839515,1,LONG,-,5000.0,0,3597.0640344216654,-1402.9359655783346,-0.28058719311566693,ETH
493,2023-05-09,1846.52,1.9469267760839515,1,LONG,-,5000.0,0,3595.039230574538,-1404.9607694254619,-0.28099215388509236,ETH
494,2023-05-10,1840.84,1.9469267760839515,1,LONG,-,5000.0,0,3583.9806864863813,-1416.0193135136187,-0.28320386270272374,ETH
495,2023-05-11,1794.37,1.9469267760839515,1,LONG,-,5000.0,0,3493.5069992017598,-1506.4930007982402,-0.30129860015964804,ETH
496,2023-05-12,1807.45,1.9469267760839515,1,LONG,-,5000.0,0,3518.972801432938,-1481.027198567062,-0.2962054397134124,ETH
497,2023-05-13,1795.11,1.9469267760839515,1,LONG,-,5000.0,0,3494.947725016062,-1505.0522749839379,-0.3010104549967876,ETH
498,2023-05-14,1799.21,1.9469267760839515,1,LONG,-,5000.0,0,3502.9301247980065,-1497.0698752019935,-0.2994139750403987,ETH
499,2023-05-15,1824.97,1.9469267760839515,1,LONG,-,5000.0,0,3553.082958549929,-1446.9170414500709,-0.2893834082900142,ETH
500,2023-05-16,1824.21,1.9469267760839515,1,LONG,-,5000.0,0,3551.603294200105,-1448.3967057998948,-0.28967934115997895,ETH
501,2023-05-17,1822.12,1.9469267760839515,1,LONG,-,5000.0,0,3547.5342172380892,-1452.4657827619108,-0.29049315655238217,ETH
502,2023-05-18,1800.56,1.9469267760839515,1,LONG,-,5000.0,0,3505.5584759457197,-1494.4415240542803,-0.29888830481085604,ETH
503,2023-05-19,1812.32,1.9469267760839515,1,LONG,-,5000.0,0,3528.454334832467,-1471.5456651675331,-0.29430913303350664,ETH
504,2023-05-20,1819.42,1.9469267760839515,1,LONG,-,5000.0,0,3542.277514942663,-1457.722485057337,-0.2915444970114674,ETH
505,2023-05-21,1804.91,1.9469267760839515,1,LONG,-,5000.0,0,3514.027607421685,-1485.972392578315,-0.297194478515663,ETH
506,2023-05-22,1817.35,1.9469267760839515,1,LONG,-,5000.0,0,3538.247376516169,-1461.752623483831,-0.2923505246967662,ETH
507,2023-05-23,1854.05,1.9469267760839515,1,LONG,-,5000.0,0,3609.69958919845,-1390.3004108015498,-0.27806008216031,ETH
508,2023-05-24,1799.89,1.9469267760839515,1,LONG,-,5000.0,0,3504.254035005744,-1495.7459649942562,-0.29914919299885123,ETH
509,2023-05-25,1805.6,1.9469267760839515,1,LONG,-,5000.0,0,3515.370986897183,-1484.6290131028172,-0.29692580262056345,ETH
510,2023-05-26,1827.79,1.9469267760839515,1,LONG,-,5000.0,0,3558.5732920584855,-1441.4267079415145,-0.2882853415883029,ETH
511,2023-05-27,1829.89,1.9469267760839515,1,LONG,-,5000.0,0,3562.661838288262,-1437.338161711738,-0.28746763234234757,ETH
512,2023-05-28,1908.64,1.9469267760839515,1,LONG,-,5000.0,0,3715.9823219048735,-1284.0176780951265,-0.2568035356190253,ETH
513,2023-05-29,1892.6,1.9469267760839515,1,LONG,-,5000.0,0,3684.7536164164862,-1315.2463835835138,-0.26304927671670275,ETH
514,2023-05-30,1900.59,1.9469267760839515,1,LONG,-,5000.0,0,3700.3095613573973,-1299.6904386426027,-0.2599380877285205,ETH
515,2023-05-31,1873.63,1.9469267760839515,1,LONG,-,5000.0,0,3647.8204154741743,-1352.1795845258257,-0.27043591690516516,ETH
516,2023-06-01,1861.78,1.9469267760839515,1,LONG,-,5000.0,0,3624.749333177579,-1375.250666822421,-0.2750501333644842,ETH
517,2023-06-02,1906.68,1.9469267760839515,1,LONG,-,5000.0,0,3712.1663454237487,-1287.8336545762513,-0.2575667309152503,ETH
518,2023-06-03,1892.06,1.9469267760839515,1,LONG,-,5000.0,0,3683.702275957401,-1316.297724042599,-0.26325954480851976,ETH
519,2023-06-04,1890.01,1.9469267760839515,1,LONG,-,5000.0,0,3679.711076066429,-1320.288923933571,-0.26405778478671416,ETH
520,2023-06-05,1810.5,1.9469267760839515,1,LONG,-,5000.0,0,3524.910928099994,-1475.0890719000058,-0.2950178143800012,ETH
521,2023-06-06,1884.64,1.9469267760839515,1,LONG,-,5000.0,0,3669.2560792788586,-1330.7439207211414,-0.26614878414422827,ETH
522,2023-06-07,1832.13,1.9469267760839515,1,LONG,-,5000.0,0,3567.0229542666902,-1432.9770457333098,-0.28659540914666193,ETH
523,2023-06-08,1845.64,1.9469267760839515,1,LONG,-,5000.0,0,3593.3259350115845,-1406.6740649884155,-0.2813348129976831,ETH
524,2023-06-09,1840.37,1.9469267760839515,1,LONG,-,5000.0,0,3583.0656309016217,-1416.9343690983783,-0.28338687381967564,ETH
525,2023-06-10,1751.53,1.9469267760839515,1,LONG,-,5000.0,0,3410.1006561143236,-1589.8993438856764,-0.3179798687771353,ETH
526,2023-06-11,1752.76,1.9469267760839515,1,LONG,-,5000.0,0,3412.4953760489066,-1587.5046239510934,-0.3175009247902187,ETH
527,2023-06-12,1742.57,1.9469267760839515,1,LONG,-,5000.0,0,3392.6561922006113,-1607.3438077993887,-0.32146876155987775,ETH
528,2023-06-13,1740.12,1.9469267760839515,1,LONG,-,5000.0,0,3387.8862215992053,-1612.1137784007947,-0.32242275568015893,ETH
529,2023-06-14,1650.95,1.9469267760839515,1,LONG,-,5000.0,0,3214.2787609757997,-1785.7212390242003,-0.35714424780484005,ETH
530,2023-06-15,1666.96,1.9469267760839515,1,LONG,-,5000.0,0,3245.449058660904,-1754.550941339096,-0.35091018826781917,ETH
531,2023-06-16,1662.96,1.9469267760839515,1,LONG,-,5000.0,0,3237.661351556568,-1762.3386484434318,-0.35246772968868634,ETH
532,2023-06-17,1727.76,1.9469267760839515,1,LONG,-,5000.0,0,3363.822206646808,-1636.177793353192,-0.3272355586706384,ETH
533,2023-06-18,1720.95,1.9469267760839515,1,LONG,-,5000.0,0,3350.563635301676,-1649.4363646983238,-0.32988727293966474,ETH
534,2023-06-19,1737.11,1.9469267760839515,1,LONG,-,5000.0,0,3382.0259720031927,-1617.9740279968073,-0.32359480559936143,ETH
535,2023-06-20,1791.99,1.9469267760839515,1,LONG,-,5000.0,0,3488.8733134746803,-1511.1266865253197,-0.30222533730506396,ETH
536,2023-06-21,1889.11,1.9469267760839515,1,LONG,-,5000.0,0,3677.9588419679535,-1322.0411580320465,-0.2644082316064093,ETH
537,2023-06-22,1872.01,1.9469267760839515,1,LONG,-,5000.0,0,3644.666394096918,-1355.3336059030821,-0.2710667211806164,ETH
538,2023-06-23,1892.63,1.9469267760839515,1,LONG,-,5000.0,0,3684.8120242197692,-1315.1879757802308,-0.26303759515604613,ETH
539,2023-06-24,1874.96,1.9469267760839515,1,LONG,-,5000.0,0,3650.409828086366,-1349.590171913634,-0.2699180343827268,ETH
540,2023-06-25,1912.59,1.9469267760839515,1,LONG,-,5000.0,0,3723.672682670405,-1276.3273173295952,-0.25526546346591905,ETH
541,2023-06-26,1858.97,1.9469267760839515,1,LONG,-,5000.0,0,3619.278468936783,-1380.7215310632168,-0.27614430621264335,ETH
542,2023-06-27,1889.58,1.9469267760839515,1,LONG,-,5000.0,0,3678.873897552713,-1321.126102447287,-0.2642252204894574,ETH
543,2023-06-28,1828.02,1.9469267760839515,1,LONG,-,5000.0,0,3559.021085216985,-1440.9789147830152,-0.28819578295660303,ETH
544,2023-06-29,1851.99,1.9469267760839515,1,LONG,-,5000.0,0,3605.6889200397172,-1394.3110799602828,-0.2788622159920566,ETH
