,date,risk_value,available_value,capital,value_to_risk,value_to_safe,floor_value,cushion,risky_w
0,2022-01-01,0.0,10000.0,10000.0,10000.0,0.0,0,1.0,1.0
1,2022-01-02,0.0,10000.0,10000.0,10000.0,0.0,0,1.0,1.0
2,2022-01-03,0.0,10000.0,10000.0,10000.0,0.0,0,1.0,1.0
3,2022-01-04,0.0,10000.0,10000.0,10000.0,0.0,0,1.0,1.0
4,2022-01-05,0.0,10000.0,10000.0,10000.0,0.0,0,1.0,1.0
5,2022-01-06,0.0,10000.0,10000.0,10000.0,0.0,0,1.0,1.0
6,2022-01-07,0.0,10000.0,10000.0,10000.0,0.0,0,1.0,1.0
7,2022-01-08,0.0,10000.0,10000.0,10000.0,0.0,0,1.0,1.0
8,2022-01-09,0.0,10000.0,10000.0,10000.0,0.0,0,1.0,1.0
9,2022-01-10,0.0,10000.0,10000.0,10000.0,0.0,0,1.0,1.0
10,2022-01-11,0.0,10000.0,10000.0,10000.0,0.0,0,1.0,1.0
11,2022-01-12,0.0,10000.0,10000.0,10000.0,0.0,0,1.0,1.0
12,2022-01-13,0.0,10000.0,10000.0,10000.0,0.0,0,1.0,1.0
13,2022-01-14,0.0,10000.0,10000.0,10000.0,0.0,0,1.0,1.0
14,2022-01-15,0.0,10000.0,10000.0,10000.0,0.0,0,1.0,1.0
15,2022-01-16,0.0,10000.0,10000.0,10000.0,0.0,0,1.0,1.0
16,2022-01-17,0.0,10000.0,10000.0,10000.0,0.0,0,1.0,1.0
17,2022-01-18,0.0,10000.0,10000.0,10000.0,0.0,0,1.0,1.0
18,2022-01-19,0.0,10000.0,10000.0,10000.0,0.0,0,1.0,1.0
19,2022-01-20,0.0,10000.0,10000.0,10000.0,0.0,0,1.0,1.0
20,2022-01-21,0.0,10000.0,10000.0,10000.0,0.0,0,1.0,1.0
21,2022-01-22,5000.0,5000.0,10000.0,10000.0,0.0,0,1.0,1.0
22,2022-01-23,5157.687253613666,5000.0,10157.687253613665,10000.0,0.0,0,1.0,1.0
23,2022-01-24,4819.316688567674,5000.0,9819.316688567673,10157.687253613665,0.0,0,1.0,1.0
24,2022-01-25,4756.898817345598,5000.0,9756.898817345598,9819.316688567673,0.0,0,1.0,1.0
25,2022-01-26,4868.593955321945,5000.0,9868.593955321945,9756.898817345598,0.0,0,1.0,1.0
26,2022-01-27,4753.613666228646,5000.0,9753.613666228646,9868.593955321945,0.0,0,1.0,1.0
27,2022-01-28,4894.875164257556,5000.0,9894.875164257555,9753.613666228646,0.0,0,1.0,1.0
28,2022-01-29,5049.27726675427,5000.0,10049.27726675427,9894.875164257555,0.0,0,1.0,1.0
29,2022-01-30,4858.738501971091,5000.0,9858.738501971091,10049.27726675427,0.0,0,1.0,1.0
30,2022-01-31,4832.45729303548,5000.0,9832.45729303548,9858.738501971091,0.0,0,1.0,1.0
31,2022-02-01,4799.605781865966,5000.0,9799.605781865965,9832.45729303548,0.0,0,1.0,1.0
32,2022-02-02,4760.183968462549,5000.0,9760.183968462548,9799.605781865965,0.0,0,1.0,1.0
33,2022-02-03,4825.886990801578,5000.0,9825.886990801577,9760.183968462548,0.0,0,1.0,1.0
34,2022-02-04,5427.069645203679,5000.0,10427.06964520368,9825.886990801577,0.0,0,1.0,1.0
35,2022-02-05,5535.479632063075,5000.0,10535.479632063074,10427.06964520368,0.0,0,1.0,1.0
36,2022-02-06,5703.022339027595,5000.0,10703.022339027595,10535.479632063074,0.0,0,1.0,1.0
37,2022-02-07,6074.244415243102,5000.0,11074.244415243102,10703.022339027595,0.0,0,1.0,1.0
38,2022-02-08,5870.565045992115,5000.0,10870.565045992116,11074.244415243102,0.0,0,1.0,1.0
39,2022-02-09,6110.381077529567,5000.0,11110.381077529568,10870.565045992116,0.0,0,1.0,1.0
40,2022-02-10,5883.705650459921,5000.0,10883.70565045992,11110.381077529568,0.0,0,1.0,1.0
41,2022-02-11,5561.760840998687,5000.0,10561.760840998686,10883.70565045992,0.0,0,1.0,1.0
42,2022-02-12,5709.592641261499,5000.0,10709.592641261499,10561.760840998686,0.0,0,1.0,1.0
43,2022-02-13,5706.307490144546,5000.0,10706.307490144547,10709.592641261499,0.0,0,1.0,1.0
44,2022-02-14,5785.15111695138,5000.0,10785.15111695138,10706.307490144547,0.0,0,1.0,1.0
45,2022-02-15,5995.400788436268,5000.0,10995.400788436269,10785.15111695138,0.0,0,1.0,1.0
46,2022-02-16,5883.705650459921,5000.0,10883.70565045992,10995.400788436269,0.0,0,1.0,1.0
47,2022-02-17,5377.792378449409,5000.0,10377.792378449409,10883.70565045992,0.0,0,1.0,1.0
48,2022-02-18,5259.526938239159,5000.0,10259.52693823916,10377.792378449409,0.0,0,1.0,1.0
49,2022-02-19,5292.378449408673,5000.0,10292.378449408672,10259.52693823916,0.0,0,1.0,1.0
50,2022-02-20,5049.27726675427,5000.0,10049.27726675427,10292.378449408672,0.0,0,1.0,1.0
51,2022-02-21,4855.45335085414,5000.0,9855.453350854139,10049.27726675427,0.0,0,1.0,1.0
52,2022-02-22,4957.293035479633,5000.0,9957.293035479634,9855.453350854139,0.0,0,1.0,1.0
53,2022-02-23,4885.019710906701,5000.0,9885.019710906701,9957.293035479634,0.0,0,1.0,1.0
54,2022-02-24,4829.172141918529,5000.0,9829.172141918529,9885.019710906701,0.0,0,1.0,1.0
55,2022-02-25,5055.847568988173,5000.0,10055.847568988174,9829.172141918529,0.0,0,1.0,1.0
56,2022-02-26,5183.968462549278,5000.0,10183.968462549277,10055.847568988174,0.0,0,1.0,1.0
57,2022-02-27,4947.437582128778,5000.0,9947.437582128778,10183.968462549277,0.0,0,1.0,1.0
58,2022-02-28,5597.897503285151,5000.0,10597.897503285152,9947.437582128778,0.0,0,1.0,1.0
59,2022-03-01,5831.143232588699,5000.0,10831.1432325887,10597.897503285152,0.0,0,1.0,1.0
60,2022-03-02,5837.713534822602,5000.0,10837.713534822602,10831.1432325887,0.0,0,1.0,1.0
61,2022-03-03,5647.174770039423,5000.0,10647.174770039423,10837.713534822602,0.0,0,1.0,1.0
62,2022-03-04,5252.956636005257,5000.0,10252.956636005256,10647.174770039423,0.0,0,1.0,1.0
63,2022-03-05,5453.35085413929,5000.0,10453.350854139291,10252.956636005256,0.0,0,1.0,1.0
64,2022-03-06,5220.105124835743,5000.0,10220.105124835743,10453.350854139291,0.0,0,1.0,1.0
65,2022-03-07,5183.968462549278,5000.0,10183.968462549277,10220.105124835743,0.0,0,1.0,1.0
66,2022-03-08,6672.141918528252,5000.0,11672.141918528252,10183.968462549277,0.0,0,1.0,1.0
67,2022-03-09,6192.5098554533515,5000.0,11192.50985545335,11672.141918528252,0.0,0,1.0,1.0
68,2022-03-10,5867.279894875164,5000.0,10867.279894875164,11192.50985545335,0.0,0,1.0,1.0
69,2022-03-11,5604.467805519054,5000.0,10604.467805519054,10867.279894875164,0.0,0,1.0,1.0
70,2022-03-12,6090.670170827859,5000.0,11090.67017082786,10604.467805519054,0.0,0,1.0,1.0
71,2022-03-13,5768.725361366623,5000.0,10768.725361366622,11090.67017082786,0.0,0,1.0,1.0
72,2022-03-14,6107.095926412615,5000.0,11107.095926412614,10768.725361366622,0.0,0,1.0,1.0
73,2022-03-15,6011.826544021025,5000.0,11011.826544021025,11107.095926412614,0.0,0,1.0,1.0
74,2022-03-16,6218.791064388963,5000.0,11218.791064388963,11011.826544021025,0.0,0,1.0,1.0
75,2022-03-17,6162.943495400788,5000.0,11162.943495400788,11218.791064388963,0.0,0,1.0,1.0
76,2022-03-18,6409.329829172142,5000.0,11409.329829172142,11162.943495400788,0.0,0,1.0,1.0
77,2022-03-19,6484.888304862024,5000.0,11484.888304862023,11409.329829172142,0.0,0,1.0,1.0
78,2022-03-20,6399.474375821288,5000.0,11399.474375821288,11484.888304862023,0.0,0,1.0,1.0
79,2022-03-21,6291.064388961892,5000.0,11291.064388961891,11399.474375821288,0.0,0,1.0,1.0
80,2022-03-22,6366.622864651775,5000.0,11366.622864651774,11291.064388961891,0.0,0,1.0,1.0
81,2022-03-23,6471.747700394219,5000.0,11471.747700394219,11366.622864651774,0.0,0,1.0,1.0
82,2022-03-24,6691.85282522996,5000.0,11691.85282522996,11471.747700394219,0.0,0,1.0,1.0
83,2022-03-25,6557.161629434954,5000.0,11557.161629434955,11691.85282522996,0.0,0,1.0,1.0
84,2022-03-26,6793.692509855454,5000.0,11793.692509855453,11557.161629434955,0.0,0,1.0,1.0
85,2022-03-27,7082.785808147175,5000.0,12082.785808147175,11793.692509855453,0.0,0,1.0,1.0
86,2022-03-28,7056.504599211565,5000.0,12056.504599211565,12082.785808147175,0.0,0,1.0,1.0
87,2022-03-29,7296.3206307490145,5000.0,12296.320630749015,12056.504599211565,0.0,0,1.0,1.0
88,2022-03-30,7266.754270696452,5000.0,12266.754270696452,12296.320630749015,0.0,0,1.0,1.0
89,2022-03-31,6987.516425755584,5000.0,11987.516425755584,12266.754270696452,0.0,0,1.0,1.0
90,2022-04-01,7174.770039421814,5000.0,12174.770039421814,11987.516425755584,0.0,0,1.0,1.0
91,2022-04-02,6984.231274638633,5000.0,11984.231274638634,12174.770039421814,0.0,0,1.0,1.0
92,2022-04-03,7138.633377135349,5000.0,12138.63337713535,11984.231274638634,0.0,0,1.0,1.0
93,2022-04-04,7296.3206307490145,5000.0,12296.320630749015,12138.63337713535,0.0,0,1.0,1.0
94,2022-04-05,7306.1760840998695,5000.0,12306.176084099869,12296.320630749015,0.0,0,1.0,1.0
95,2022-04-06,7000.65703022339,5000.0,12000.65703022339,12306.176084099869,0.0,0,1.0,1.0
96,2022-04-07,7424.441524310118,5000.0,12424.441524310118,12000.65703022339,0.0,0,1.0,1.0
97,2022-04-08,7135.348226018396,5000.0,12135.348226018396,12424.441524310118,0.0,0,1.0,1.0
98,2022-04-09,7877.79237844941,5000.0,12877.792378449409,12135.348226018396,0.0,0,1.0,1.0
99,2022-04-10,7746.386333771354,5000.0,12746.386333771354,12877.792378449409,0.0,0,1.0,1.0
100,2022-04-11,7431.011826544021,5000.0,12431.011826544021,12746.386333771354,0.0,0,1.0,1.0
101,2022-04-12,7641.261498028909,5000.0,12641.261498028909,12431.011826544021,0.0,0,1.0,1.0
102,2022-04-13,7789.093298291721,5000.0,12789.093298291722,12641.261498028909,0.0,0,1.0,1.0
103,2022-04-14,7532.851511169514,5000.0,12532.851511169514,12789.093298291722,0.0,0,1.0,1.0
104,2022-04-15,7864.651773981604,5000.0,12864.651773981604,12532.851511169514,0.0,0,1.0,1.0
105,2022-04-16,7759.526938239159,5000.0,12759.52693823916,12864.651773981604,0.0,0,1.0,1.0
106,2022-04-17,7930.354796320631,5000.0,12930.354796320631,12759.52693823916,0.0,0,1.0,1.0
107,2022-04-18,8745.072273324573,5000.0,13745.072273324573,12930.354796320631,0.0,0,1.0,1.0
108,2022-04-19,8340.998685939554,5000.0,13340.998685939554,13745.072273324573,0.0,0,1.0,1.0
109,2022-04-20,8771.353482260185,5000.0,13771.353482260185,13340.998685939554,0.0,0,1.0,1.0
110,2022-04-21,9149.145860709594,5000.0,14149.145860709594,13771.353482260185,0.0,0,1.0,1.0
111,2022-04-22,8820.630749014455,5000.0,13820.630749014455,14149.145860709594,0.0,0,1.0,1.0
112,2022-04-23,8758.212877792379,5000.0,13758.212877792379,13820.630749014455,0.0,0,1.0,1.0
113,2022-04-24,8301.576872536136,5000.0,13301.576872536136,13758.212877792379,0.0,0,1.0,1.0
114,2022-04-25,8354.13929040736,5000.0,13354.13929040736,13301.576872536136,0.0,0,1.0,1.0
115,2022-04-26,7555.847568988173,5000.0,12555.847568988174,13354.13929040736,0.0,0,1.0,1.0
116,2022-04-27,7536.136662286465,5000.0,12536.136662286466,12555.847568988174,0.0,0,1.0,1.0
117,2022-04-28,7473.718791064389,5000.0,12473.718791064388,12536.136662286466,0.0,0,1.0,1.0
118,2022-04-29,7243.758212877793,5000.0,12243.758212877794,12473.718791064388,0.0,0,1.0,1.0
119,2022-04-30,7033.508541392905,5000.0,12033.508541392905,12243.758212877794,0.0,0,1.0,1.0
120,2022-05-01,6961.235216819974,5000.0,11961.235216819974,12033.508541392905,0.0,0,1.0,1.0
121,2022-05-02,6557.161629434954,5000.0,11557.161629434955,11961.235216819974,0.0,0,1.0,1.0
122,2022-05-03,6806.833114323259,5000.0,11806.833114323259,11557.161629434955,0.0,0,1.0,1.0
123,2022-05-04,7401.445466491459,5000.0,12401.44546649146,11806.833114323259,0.0,0,1.0,1.0
124,2022-05-05,6787.122207621551,5000.0,11787.12220762155,12401.44546649146,0.0,0,1.0,1.0
125,2022-05-06,7187.91064388962,5000.0,12187.91064388962,11787.12220762155,0.0,0,1.0,1.0
126,2022-05-07,6731.274638633377,5000.0,11731.274638633378,12187.91064388962,0.0,0,1.0,1.0
127,2022-05-08,7128.777923784494,5000.0,12128.777923784495,11731.274638633378,0.0,0,1.0,1.0
128,2022-05-09,5699.737187910644,5000.0,10699.737187910643,12128.777923784495,0.0,0,1.0,1.0
129,2022-05-10,5354.7963206307495,5000.0,10354.79632063075,10699.737187910643,0.0,0,1.0,1.0
130,2022-05-11,4625.492772667543,5000.0,9625.492772667543,10354.79632063075,0.0,0,1.0,1.0
131,2022-05-12,4526.938239159002,5000.0,9526.938239159,9625.492772667543,0.0,0,1.0,1.0
132,2022-05-13,4733.902759526938,5000.0,9733.902759526938,9526.938239159,0.0,0,1.0,1.0
133,2022-05-14,5042.706964520368,5000.0,10042.706964520368,9733.902759526938,0.0,0,1.0,1.0
134,2022-05-15,5653.745072273325,5000.0,10653.745072273325,10042.706964520368,0.0,0,1.0,1.0
135,2022-05-16,5338.370565045992,5000.0,10338.370565045992,10653.745072273325,0.0,0,1.0,1.0
136,2022-05-17,5676.741130091985,5000.0,10676.741130091985,10338.370565045992,0.0,0,1.0,1.0
137,2022-05-18,5095.26938239159,5000.0,10095.26938239159,10676.741130091985,0.0,0,1.0,1.0
138,2022-05-19,5453.35085413929,5000.0,10453.350854139291,10095.26938239159,0.0,0,1.0,1.0
139,2022-05-20,5719.448094612352,5000.0,10719.448094612351,10453.350854139291,0.0,0,1.0,1.0
140,2022-05-21,5778.580814717478,5000.0,10778.580814717478,10719.448094612351,0.0,0,1.0,1.0
141,2022-05-22,6143.23258869908,5000.0,11143.23258869908,10778.580814717478,0.0,0,1.0,1.0
142,2022-05-23,6087.385019710908,5000.0,11087.385019710908,11143.23258869908,0.0,0,1.0,1.0
143,2022-05-24,6343.626806833115,5000.0,11343.626806833116,11087.385019710908,0.0,0,1.0,1.0
144,2022-05-25,6708.278580814717,5000.0,11708.278580814716,11343.626806833116,0.0,0,1.0,1.0
145,2022-05-26,6218.791064388963,5000.0,11218.791064388963,11708.278580814716,0.0,0,1.0,1.0
146,2022-05-27,5942.838370565047,5000.0,10942.838370565047,11218.791064388963,0.0,0,1.0,1.0
147,2022-05-28,5781.865965834429,5000.0,10781.86596583443,10942.838370565047,0.0,0,1.0,1.0
148,2022-05-29,6110.381077529567,5000.0,11110.381077529568,10781.86596583443,0.0,0,1.0,1.0
149,2022-05-30,6704.993429697766,5000.0,11704.993429697766,11110.381077529568,0.0,0,1.0,1.0
150,2022-05-31,6524.31011826544,5000.0,11524.310118265439,11704.993429697766,0.0,0,1.0,1.0
151,2022-06-01,6530.880420499344,5000.0,11530.880420499343,11524.310118265439,0.0,0,1.0,1.0
152,2022-06-02,6616.29434954008,5000.0,11616.29434954008,11530.880420499343,0.0,0,1.0,1.0
153,2022-06-03,6360.052562417871,5000.0,11360.05256241787,11616.29434954008,0.0,0,1.0,1.0
154,2022-06-04,6212.220762155059,5000.0,11212.220762155059,11360.05256241787,0.0,0,1.0,1.0
155,2022-06-05,6172.798948751643,5000.0,11172.798948751642,11212.220762155059,0.0,0,1.0,1.0
156,2022-06-06,6215.505913272011,5000.0,11215.50591327201,11172.798948751642,0.0,0,1.0,1.0
157,2022-06-07,6159.658344283837,5000.0,11159.658344283838,11215.50591327201,0.0,0,1.0,1.0
158,2022-06-08,6126.806833114323,5000.0,11126.806833114322,11159.658344283838,0.0,0,1.0,1.0
159,2022-06-09,6107.095926412615,5000.0,11107.095926412614,11126.806833114322,0.0,0,1.0,1.0
160,2022-06-10,5726.018396846255,5000.0,10726.018396846255,11107.095926412614,0.0,0,1.0,1.0
161,2022-06-11,5469.776609724047,5000.0,10469.776609724047,10726.018396846255,0.0,0,1.0,1.0
162,2022-06-12,5197.109067017082,5000.0,10197.109067017082,10469.776609724047,0.0,0,1.0,1.0
163,2022-06-13,4362.680683311433,5000.0,9362.680683311433,10197.109067017082,0.0,0,1.0,1.0
164,2022-06-14,3886.3337713534825,5000.0,8886.333771353482,9362.680683311433,0.0,0,1.0,1.0
165,2022-06-15,3892.904073587385,5000.0,8892.904073587386,8886.333771353482,0.0,0,1.0,1.0
166,2022-06-16,3505.2562417871222,5000.0,8505.256241787123,8892.904073587386,0.0,0,1.0,1.0
167,2022-06-17,3761.49802890933,5000.0,8761.49802890933,8505.256241787123,0.0,0,1.0,1.0
168,2022-06-18,3429.6977660972407,5000.0,8429.69776609724,8761.49802890933,0.0,0,1.0,1.0
169,2022-06-19,3758.212877792379,5000.0,8758.212877792379,8429.69776609724,0.0,0,1.0,1.0
170,2022-06-20,3853.4822601839687,5000.0,8853.48226018397,8758.212877792379,0.0,0,1.0,1.0
171,2022-06-21,3909.329829172142,5000.0,8909.329829172142,8853.48226018397,0.0,0,1.0,1.0
172,2022-06-22,3653.0880420499348,5000.0,8653.088042049934,8909.329829172142,0.0,0,1.0,1.0
173,2022-06-23,4030.880420499343,5000.0,9030.880420499343,8653.088042049934,0.0,0,1.0,1.0
174,2022-06-24,4159.001314060447,5000.0,9159.001314060446,9030.880420499343,0.0,0,1.0,1.0
175,2022-06-25,4185.282522996058,5000.0,9185.282522996058,9159.001314060446,0.0,0,1.0,1.0
176,2022-06-26,4116.294349540079,5000.0,9116.29434954008,9185.282522996058,0.0,0,1.0,1.0
177,2022-06-27,3955.3219448094615,5000.0,8955.32194480946,9116.29434954008,0.0,0,1.0,1.0
178,2022-06-28,3863.3377135348223,5000.0,8863.337713534822,8955.32194480946,0.0,0,1.0,1.0
179,2022-06-29,3909.329829172142,5000.0,8909.329829172142,8863.337713534822,0.0,0,1.0,1.0
180,2022-06-30,3715.5059132720103,5000.0,8715.50591327201,8909.329829172142,0.0,0,1.0,1.0
181,2022-07-01,3791.0643889618927,5000.0,8791.064388961893,8715.50591327201,0.0,0,1.0,1.0
182,2022-07-02,3810.7752956636004,5000.0,8810.7752956636,8791.064388961893,0.0,0,1.0,1.0
183,2022-07-03,3830.4862023653086,5000.0,8830.486202365308,8810.7752956636,0.0,0,1.0,1.0
184,2022-07-04,4073.5873850197113,5000.0,9073.587385019711,8830.486202365308,0.0,0,1.0,1.0
185,2022-07-05,4027.5952693823915,5000.0,9027.595269382391,9073.587385019711,0.0,0,1.0,1.0
186,2022-07-06,4126.149802890933,5000.0,9126.149802890934,9027.595269382391,0.0,0,1.0,1.0
187,2022-07-07,4283.8370565046,5000.0,9283.837056504599,9126.149802890934,0.0,0,1.0,1.0
188,2022-07-08,4116.294349540079,5000.0,9116.29434954008,9283.837056504599,0.0,0,1.0,1.0
189,2022-07-09,4178.712220762155,5000.0,9178.712220762154,9116.29434954008,0.0,0,1.0,1.0
190,2022-07-10,4264.126149802892,5000.0,9264.12614980289,9178.712220762154,0.0,0,1.0,1.0
191,2022-07-11,4172.141918528252,5000.0,9172.141918528252,9264.12614980289,0.0,0,1.0,1.0
192,2022-07-12,4044.0210249671486,5000.0,9044.021024967149,9172.141918528252,0.0,0,1.0,1.0
193,2022-07-13,4080.157687253614,5000.0,9080.157687253613,9044.021024967149,0.0,0,1.0,1.0
194,2022-07-14,4402.102496714849,5000.0,9402.102496714848,9080.157687253613,0.0,0,1.0,1.0
195,2022-07-15,4559.789750328516,5000.0,9559.789750328517,9402.102496714848,0.0,0,1.0,1.0
196,2022-07-16,4563.074901445467,5000.0,9563.074901445467,9559.789750328517,0.0,0,1.0,1.0
197,2022-07-17,4467.805519053876,5000.0,9467.805519053876,9563.074901445467,0.0,0,1.0,1.0
198,2022-07-18,4825.886990801578,5000.0,9825.886990801577,9467.805519053876,0.0,0,1.0,1.0
199,2022-07-19,4806.1760840998695,5000.0,9806.176084099869,9825.886990801577,0.0,0,1.0,1.0
200,2022-07-20,4977.003942181341,5000.0,9977.003942181342,9806.176084099869,0.0,0,1.0,1.0
201,2022-07-21,4963.863337713535,5000.0,9963.863337713534,9977.003942181342,0.0,0,1.0,1.0
202,2022-07-22,4894.875164257556,5000.0,9894.875164257555,9963.863337713534,0.0,0,1.0,1.0
203,2022-07-23,4806.1760840998695,5000.0,9806.176084099869,9894.875164257555,0.0,0,1.0,1.0
204,2022-07-24,4973.71879106439,5000.0,9973.71879106439,9806.176084099869,0.0,0,1.0,1.0
205,2022-07-25,4710.906701708279,5000.0,9710.906701708278,9973.71879106439,0.0,0,1.0,1.0
206,2022-07-26,4960.578186596584,5000.0,9960.578186596584,9710.906701708278,0.0,0,1.0,1.0
207,2022-07-27,5312.089356110381,5000.0,10312.08935611038,9960.578186596584,0.0,0,1.0,1.0
208,2022-07-28,5335.085413929041,5000.0,10335.085413929042,10312.08935611038,0.0,0,1.0,1.0
209,2022-07-29,5252.956636005257,5000.0,10252.956636005256,10335.085413929042,0.0,0,1.0,1.0
210,2022-07-30,5121.550591327202,5000.0,10121.550591327203,10252.956636005256,0.0,0,1.0,1.0
211,2022-07-31,5085.413929040737,5000.0,10085.413929040737,10121.550591327203,0.0,0,1.0,1.0
212,2022-08-01,5279.237844940867,5000.0,10279.237844940868,10085.413929040737,0.0,0,1.0,1.0
213,2022-08-02,5154.402102496715,5000.0,10154.402102496715,10279.237844940868,0.0,0,1.0,1.0
214,2022-08-03,5147.831800262812,5000.0,10147.831800262811,10154.402102496715,0.0,0,1.0,1.0
215,2022-08-04,5236.5308804205,5000.0,10236.5308804205,10147.831800262811,0.0,0,1.0,1.0
216,2022-08-05,5308.804204993429,5000.0,10308.80420499343,10236.5308804205,0.0,0,1.0,1.0
217,2022-08-06,5275.952693823916,5000.0,10275.952693823916,10308.80420499343,0.0,0,1.0,1.0
218,2022-08-07,5407.358738501971,5000.0,10407.358738501971,10275.952693823916,0.0,0,1.0,1.0
219,2022-08-08,5482.917214191853,5000.0,10482.917214191853,10407.358738501971,0.0,0,1.0,1.0
220,2022-08-09,5180.683311432325,5000.0,10180.683311432325,10482.917214191853,0.0,0,1.0,1.0
221,2022-08-10,5499.3429697766105,5000.0,10499.342969776611,10180.683311432325,0.0,0,1.0,1.0
222,2022-08-11,5206.964520367937,5000.0,10206.964520367937,10499.342969776611,0.0,0,1.0,1.0
223,2022-08-12,5427.069645203679,5000.0,10427.06964520368,10206.964520367937,0.0,0,1.0,1.0
224,2022-08-13,5420.499342969777,5000.0,10420.499342969777,10427.06964520368,0.0,0,1.0,1.0
225,2022-08-14,5390.932982917214,5000.0,10390.932982917213,10420.499342969777,0.0,0,1.0,1.0
226,2022-08-15,5358.081471747701,5000.0,10358.0814717477,10390.932982917213,0.0,0,1.0,1.0
227,2022-08-16,5555.190538764783,5000.0,10555.190538764782,10358.0814717477,0.0,0,1.0,1.0
228,2022-08-17,5538.764783180026,5000.0,10538.764783180026,10555.190538764782,0.0,0,1.0,1.0
229,2022-08-18,5292.378449408673,5000.0,10292.378449408672,10538.764783180026,0.0,0,1.0,1.0
230,2022-08-19,4674.770039421814,5000.0,9674.770039421814,10292.378449408672,0.0,0,1.0,1.0
231,2022-08-20,4888.304862023654,5000.0,9888.304862023655,9674.770039421814,0.0,0,1.0,1.0
232,2022-08-21,5068.988173455979,5000.0,10068.988173455979,9888.304862023655,0.0,0,1.0,1.0
233,2022-08-22,5052.562417871222,5000.0,10052.562417871222,10068.988173455979,0.0,0,1.0,1.0
234,2022-08-23,5068.988173455979,5000.0,10068.988173455979,10052.562417871222,0.0,0,1.0,1.0
235,2022-08-24,4947.437582128778,5000.0,9947.437582128778,10068.988173455979,0.0,0,1.0,1.0
236,2022-08-25,5062.417871222076,5000.0,10062.417871222076,9947.437582128778,0.0,0,1.0,1.0
237,2022-08-26,4687.910643889619,5000.0,9687.91064388962,10062.417871222076,0.0,0,1.0,1.0
238,2022-08-27,4766.754270696452,5000.0,9766.754270696452,9687.91064388962,0.0,0,1.0,1.0
239,2022-08-28,4809.461235216821,5000.0,9809.46123521682,9766.754270696452,0.0,0,1.0,1.0
240,2022-08-29,5016.425755584757,5000.0,10016.425755584758,9809.46123521682,0.0,0,1.0,1.0
241,2022-08-30,4885.019710906701,5000.0,9885.019710906701,10016.425755584758,0.0,0,1.0,1.0
242,2022-08-31,4904.73061760841,5000.0,9904.73061760841,9885.019710906701,0.0,0,1.0,1.0
243,2022-09-01,5078.8436268068335,5000.0,10078.843626806833,9904.73061760841,0.0,0,1.0,1.0
244,2022-09-02,5036.136662286466,5000.0,10036.136662286466,10078.843626806833,0.0,0,1.0,1.0
245,2022-09-03,5072.2733245729305,5000.0,10072.27332457293,10036.136662286466,0.0,0,1.0,1.0
246,2022-09-04,5111.695137976347,5000.0,10111.695137976347,10072.27332457293,0.0,0,1.0,1.0
247,2022-09-05,5177.398160315374,5000.0,10177.398160315373,10111.695137976347,0.0,0,1.0,1.0
248,2022-09-06,4763.469119579501,5000.0,9763.469119579502,10177.398160315373,0.0,0,1.0,1.0
249,2022-09-07,4908.015768725361,5000.0,9908.015768725361,9763.469119579502,0.0,0,1.0,1.0
250,2022-09-08,5000.0,5000.0,10000.0,9908.015768725361,0.0,0,1.0,1.0
251,2022-09-09,5302.233902759527,5000.0,10302.233902759526,10000.0,0.0,0,1.0,1.0
252,2022-09-10,5183.968462549278,5000.0,10183.968462549277,10302.233902759526,0.0,0,1.0,1.0
253,2022-09-11,5229.960578186597,5000.0,10229.960578186598,10183.968462549277,0.0,0,1.0,1.0
254,2022-09-12,5390.932982917214,5000.0,10390.932982917213,10229.960578186598,0.0,0,1.0,1.0
255,2022-09-13,4770.039421813403,5000.0,9770.039421813402,10390.932982917213,0.0,0,1.0,1.0
256,2022-09-14,4924.441524310118,5000.0,9924.441524310118,9770.039421813402,0.0,0,1.0,1.0
257,2022-09-15,4786.46517739816,5000.0,9786.46517739816,9924.441524310118,0.0,0,1.0,1.0
258,2022-09-16,4901.445466491458,5000.0,9901.44546649146,9786.46517739816,0.0,0,1.0,1.0
259,2022-09-17,4848.883048620237,5000.0,9848.883048620237,9901.44546649146,0.0,0,1.0,1.0
260,2022-09-18,4622.207621550591,5000.0,9622.207621550591,9848.883048620237,0.0,0,1.0,1.0
261,2022-09-19,4618.92247043364,5000.0,9618.922470433641,9622.207621550591,0.0,0,1.0,1.0
262,2022-09-20,4678.055190538766,5000.0,9678.055190538766,9618.922470433641,0.0,0,1.0,1.0
263,2022-09-21,4434.954007884363,5000.0,9434.954007884364,9678.055190538766,0.0,0,1.0,1.0
264,2022-09-22,4740.473061760841,5000.0,9740.47306176084,9434.954007884364,0.0,0,1.0,1.0
265,2022-09-23,4648.4888304862025,5000.0,9648.488830486203,9740.47306176084,0.0,0,1.0,1.0
266,2022-09-24,4655.059132720105,5000.0,9655.059132720104,9648.488830486203,0.0,0,1.0,1.0
267,2022-09-25,4632.063074901445,5000.0,9632.063074901445,9655.059132720104,0.0,0,1.0,1.0
268,2022-09-26,4786.46517739816,5000.0,9786.46517739816,9632.063074901445,0.0,0,1.0,1.0
269,2022-09-27,4740.473061760841,5000.0,9740.47306176084,9786.46517739816,0.0,0,1.0,1.0
270,2022-09-28,4832.45729303548,5000.0,9832.45729303548,9740.47306176084,0.0,0,1.0,1.0
271,2022-09-29,4878.449408672799,5000.0,9878.4494086728,9832.45729303548,0.0,0,1.0,1.0
272,2022-09-30,4842.312746386334,5000.0,9842.312746386335,9878.4494086728,0.0,0,1.0,1.0
273,2022-10-01,4635.348226018396,5000.0,9635.348226018396,9842.312746386335,0.0,0,1.0,1.0
274,2022-10-02,4497.371879106439,5000.0,9497.371879106438,9635.348226018396,0.0,0,1.0,1.0
275,2022-10-03,4658.344283837057,5000.0,9658.344283837057,9497.371879106438,0.0,0,1.0,1.0
276,2022-10-04,4822.601839684626,5000.0,9822.601839684627,9658.344283837057,0.0,0,1.0,1.0
277,2022-10-05,4802.890932982917,5000.0,9802.890932982917,9822.601839684627,0.0,0,1.0,1.0
278,2022-10-06,4901.445466491458,5000.0,9901.44546649146,9802.890932982917,0.0,0,1.0,1.0
279,2022-10-07,4812.746386333772,5000.0,9812.746386333773,9901.44546649146,0.0,0,1.0,1.0
280,2022-10-08,4848.883048620237,5000.0,9848.883048620237,9812.746386333773,0.0,0,1.0,1.0
281,2022-10-09,4786.46517739816,5000.0,9786.46517739816,9848.883048620237,0.0,0,1.0,1.0
282,2022-10-10,4671.484888304862,5000.0,9671.484888304862,9786.46517739816,0.0,0,1.0,1.0
283,2022-10-11,4756.898817345598,5000.0,9756.898817345598,9671.484888304862,0.0,0,1.0,1.0
284,2022-10-12,4756.898817345598,5000.0,9756.898817345598,9756.898817345598,0.0,0,1.0,1.0
285,2022-10-13,4694.480946123522,5000.0,9694.480946123522,9756.898817345598,0.0,0,1.0,1.0
286,2022-10-14,4618.92247043364,5000.0,9618.922470433641,9694.480946123522,0.0,0,1.0,1.0
287,2022-10-15,4582.785808147175,5000.0,9582.785808147175,9618.922470433641,0.0,0,1.0,1.0
288,2022-10-16,4701.051248357425,5000.0,9701.051248357424,9582.785808147175,0.0,0,1.0,1.0
289,2022-10-17,4720.762155059133,5000.0,9720.762155059132,9701.051248357424,0.0,0,1.0,1.0
290,2022-10-18,4799.605781865966,5000.0,9799.605781865965,9720.762155059132,0.0,0,1.0,1.0
291,2022-10-19,4763.469119579501,5000.0,9763.469119579502,9799.605781865965,0.0,0,1.0,1.0
292,2022-10-20,4635.348226018396,5000.0,9635.348226018396,9763.469119579502,0.0,0,1.0,1.0
293,2022-10-21,4622.207621550591,5000.0,9622.207621550591,9635.348226018396,0.0,0,1.0,1.0
294,2022-10-22,4691.195795006571,5000.0,9691.19579500657,9622.207621550591,0.0,0,1.0,1.0
295,2022-10-23,4750.328515111695,5000.0,9750.328515111694,9691.19579500657,0.0,0,1.0,1.0
296,2022-10-24,4704.336399474376,5000.0,9704.336399474376,9750.328515111694,0.0,0,1.0,1.0
297,2022-10-25,4724.047306176085,5000.0,9724.047306176086,9704.336399474376,0.0,0,1.0,1.0
298,2022-10-26,4825.886990801578,5000.0,9825.886990801577,9724.047306176086,0.0,0,1.0,1.0
299,2022-10-27,4789.750328515112,5000.0,9789.750328515112,9825.886990801577,0.0,0,1.0,1.0
300,2022-10-28,4822.601839684626,5000.0,9822.601839684627,9789.750328515112,0.0,0,1.0,1.0
301,2022-10-29,4894.875164257556,5000.0,9894.875164257555,9822.601839684627,0.0,0,1.0,1.0
302,2022-10-30,4845.597897503285,5000.0,9845.597897503285,9894.875164257555,0.0,0,1.0,1.0
303,2022-10-31,4914.586070959264,5000.0,9914.586070959263,9845.597897503285,0.0,0,1.0,1.0
304,2022-11-01,4917.871222076215,5000.0,9917.871222076215,9914.586070959263,0.0,0,1.0,1.0
305,2022-11-02,4825.886990801578,5000.0,9825.886990801577,9917.871222076215,0.0,0,1.0,1.0
306,2022-11-03,4908.015768725361,5000.0,9908.015768725361,9825.886990801577,0.0,0,1.0,1.0
307,2022-11-04,5210.2496714848885,5000.0,10210.24967148489,9908.015768725361,0.0,0,1.0,1.0
308,2022-11-05,5167.542706964521,5000.0,10167.542706964521,10210.24967148489,0.0,0,1.0,1.0
309,2022-11-06,5088.699080157688,5000.0,10088.699080157687,10167.542706964521,0.0,0,1.0,1.0
310,2022-11-07,5098.554533508541,5000.0,10098.55453350854,10088.699080157687,0.0,0,1.0,1.0
311,2022-11-08,4540.078843626807,5000.0,9540.078843626807,10098.55453350854,0.0,0,1.0,1.0
312,2022-11-09,3912.614980289093,5000.0,8912.614980289094,9540.078843626807,0.0,0,1.0,1.0
313,2022-11-10,4379.1064388961895,5000.0,9379.10643889619,8912.614980289094,0.0,0,1.0,1.0
314,2022-11-11,4218.134034165572,5000.0,9218.134034165572,9379.10643889619,0.0,0,1.0,1.0
315,2022-11-12,4221.419185282523,5000.0,9221.419185282524,9218.134034165572,0.0,0,1.0,1.0
316,2022-11-13,4178.712220762155,5000.0,9178.712220762154,9221.419185282524,0.0,0,1.0,1.0
317,2022-11-14,4264.126149802892,5000.0,9264.12614980289,9178.712220762154,0.0,0,1.0,1.0
318,2022-11-15,4241.1300919842315,5000.0,9241.130091984232,9264.12614980289,0.0,0,1.0,1.0
319,2022-11-16,4339.684625492772,5000.0,9339.684625492773,9241.130091984232,0.0,0,1.0,1.0
320,2022-11-17,4375.8212877792375,5000.0,9375.821287779238,9339.684625492773,0.0,0,1.0,1.0
321,2022-11-18,4379.1064388961895,5000.0,9379.10643889619,9375.821287779238,0.0,0,1.0,1.0
322,2022-11-19,4415.243101182655,5000.0,9415.243101182656,9379.10643889619,0.0,0,1.0,1.0
323,2022-11-20,4260.84099868594,5000.0,9260.84099868594,9415.243101182656,0.0,0,1.0,1.0
324,2022-11-21,4142.57555847569,5000.0,9142.57555847569,9260.84099868594,0.0,0,1.0,1.0
325,2022-11-22,4405.387647831801,5000.0,9405.387647831802,9142.57555847569,0.0,0,1.0,1.0
326,2022-11-23,4438.239159001314,5000.0,9438.239159001314,9405.387647831802,0.0,0,1.0,1.0
327,2022-11-24,4490.801576872536,5000.0,9490.801576872536,9438.239159001314,0.0,0,1.0,1.0
328,2022-11-25,4477.660972404731,5000.0,9477.66097240473,9490.801576872536,0.0,0,1.0,1.0
329,2022-11-26,4559.789750328516,5000.0,9559.789750328517,9477.66097240473,0.0,0,1.0,1.0
330,2022-11-27,4484.231274638633,5000.0,9484.231274638634,9559.789750328517,0.0,0,1.0,1.0
331,2022-11-28,4431.668856767412,5000.0,9431.668856767412,9484.231274638634,0.0,0,1.0,1.0
332,2022-11-29,4513.797634691196,5000.0,9513.797634691196,9431.668856767412,0.0,0,1.0,1.0
333,2022-11-30,4671.484888304862,5000.0,9671.484888304862,9513.797634691196,0.0,0,1.0,1.0
334,2022-12-01,4743.758212877793,5000.0,9743.758212877794,9671.484888304862,0.0,0,1.0,1.0
335,2022-12-02,4783.1800262812085,5000.0,9783.180026281208,9743.758212877794,0.0,0,1.0,1.0
336,2022-12-03,4773.324572930355,5000.0,9773.324572930356,9783.180026281208,0.0,0,1.0,1.0
337,2022-12-04,4671.484888304862,5000.0,9671.484888304862,9773.324572930356,0.0,0,1.0,1.0
338,2022-12-05,4766.754270696452,5000.0,9766.754270696452,9671.484888304862,0.0,0,1.0,1.0
339,2022-12-06,4710.906701708279,5000.0,9710.906701708278,9766.754270696452,0.0,0,1.0,1.0
340,2022-12-07,4727.332457293036,5000.0,9727.332457293036,9710.906701708278,0.0,0,1.0,1.0
341,2022-12-08,4848.883048620237,5000.0,9848.883048620237,9727.332457293036,0.0,0,1.0,1.0
342,2022-12-09,4901.445466491458,5000.0,9901.44546649146,9848.883048620237,0.0,0,1.0,1.0
343,2022-12-10,4917.871222076215,5000.0,9917.871222076215,9901.44546649146,0.0,0,1.0,1.0
344,2022-12-11,4947.437582128778,5000.0,9947.437582128778,9917.871222076215,0.0,0,1.0,1.0
345,2022-12-12,4947.437582128778,5000.0,9947.437582128778,9947.437582128778,0.0,0,1.0,1.0
346,2022-12-13,4980.289093298292,5000.0,9980.289093298292,9947.437582128778,0.0,0,1.0,1.0
347,2022-12-14,4888.304862023654,5000.0,9888.304862023655,9980.289093298292,0.0,0,1.0,1.0
348,2022-12-15,4898.160315374507,5000.0,9898.160315374507,9888.304862023655,0.0,0,1.0,1.0
349,2022-12-16,4664.91458607096,5000.0,9664.91458607096,9898.160315374507,0.0,0,1.0,1.0
350,2022-12-17,4710.906701708279,5000.0,9710.906701708278,9664.91458607096,0.0,0,1.0,1.0
351,2022-12-18,4730.617608409987,5000.0,9730.617608409986,9710.906701708278,0.0,0,1.0,1.0
352,2022-12-19,4724.047306176085,5000.0,9724.047306176086,9730.617608409986,0.0,0,1.0,1.0
353,2022-12-20,4822.601839684626,5000.0,9822.601839684627,9724.047306176086,0.0,0,1.0,1.0
354,2022-12-21,4835.742444152431,5000.0,9835.74244415243,9822.601839684627,0.0,0,1.0,1.0
355,2022-12-22,4773.324572930355,5000.0,9773.324572930356,9835.74244415243,0.0,0,1.0,1.0
356,2022-12-23,4701.051248357425,5000.0,9701.051248357424,9773.324572930356,0.0,0,1.0,1.0
357,2022-12-24,4710.906701708279,5000.0,9710.906701708278,9701.051248357424,0.0,0,1.0,1.0
358,2022-12-25,4766.754270696452,5000.0,9766.754270696452,9710.906701708278,0.0,0,1.0,1.0
359,2022-12-26,4819.316688567674,5000.0,9819.316688567673,9766.754270696452,0.0,0,1.0,1.0
360,2022-12-27,4783.1800262812085,5000.0,9783.180026281208,9819.316688567673,0.0,0,1.0,1.0
361,2022-12-28,4822.601839684626,5000.0,9822.601839684627,9783.180026281208,0.0,0,1.0,1.0
362,2022-12-29,4783.1800262812085,5000.0,9783.180026281208,9822.601839684627,0.0,0,1.0,1.0
363,2022-12-30,4793.0354796320635,5000.0,9793.035479632064,9783.180026281208,0.0,0,1.0,1.0
364,2022-12-31,4839.027595269383,5000.0,9839.027595269383,9793.035479632064,0.0,0,1.0,1.0
365,2023-01-01,4878.449408672799,5000.0,9878.4494086728,9839.027595269383,0.0,0,1.0,1.0
366,2023-01-02,4855.45335085414,5000.0,9855.453350854139,9878.4494086728,0.0,0,1.0,1.0
367,2023-01-03,4875.164257555848,5000.0,9875.164257555847,9855.453350854139,0.0,0,1.0,1.0
368,2023-01-04,4957.293035479633,5000.0,9957.293035479634,9875.164257555847,0.0,0,1.0,1.0
369,2023-01-05,5128.120893561104,5000.0,10128.120893561103,9957.293035479634,0.0,0,1.0,1.0
370,2023-01-06,5085.413929040737,5000.0,10085.413929040737,10128.120893561103,0.0,0,1.0,1.0
371,2023-01-07,5121.550591327202,5000.0,10121.550591327203,10085.413929040737,0.0,0,1.0,1.0
372,2023-01-08,5101.839684625494,5000.0,10101.839684625495,10121.550591327203,0.0,0,1.0,1.0
373,2023-01-09,5213.53482260184,5000.0,10213.53482260184,10101.839684625495,0.0,0,1.0,1.0
374,2023-01-10,5295.663600525624,5000.0,10295.663600525624,10213.53482260184,0.0,0,1.0,1.0
375,2023-01-11,5542.049934296978,5000.0,10542.049934296978,10295.663600525624,0.0,0,1.0,1.0
376,2023-01-12,5473.061760840998,5000.0,10473.061760841,10542.049934296978,0.0,0,1.0,1.0
377,2023-01-13,5604.467805519054,5000.0,10604.467805519054,10473.061760841,0.0,0,1.0,1.0
378,2023-01-14,5752.299605781866,5000.0,10752.299605781867,10604.467805519054,0.0,0,1.0,1.0
379,2023-01-15,5729.303547963207,5000.0,10729.303547963207,10752.299605781867,0.0,0,1.0,1.0
380,2023-01-16,5519.053876478318,5000.0,10519.053876478318,10729.303547963207,0.0,0,1.0,1.0
381,2023-01-17,5640.604467805519,5000.0,10640.604467805519,10519.053876478318,0.0,0,1.0,1.0
382,2023-01-18,5351.511169513798,5000.0,10351.511169513798,10640.604467805519,0.0,0,1.0,1.0
383,2023-01-19,5446.780551905388,5000.0,10446.780551905387,10351.511169513798,0.0,0,1.0,1.0
384,2023-01-20,5693.166885676742,5000.0,10693.166885676743,10446.780551905387,0.0,0,1.0,1.0
385,2023-01-21,5680.026281208936,5000.0,10680.026281208935,10693.166885676743,0.0,0,1.0,1.0
386,2023-01-22,5821.287779237845,5000.0,10821.287779237846,10680.026281208935,0.0,0,1.0,1.0
387,2023-01-23,5880.42049934297,5000.0,10880.42049934297,10821.287779237846,0.0,0,1.0,1.0
388,2023-01-24,5653.745072273325,5000.0,10653.745072273325,10880.42049934297,0.0,0,1.0,1.0
389,2023-01-25,5689.88173455979,5000.0,10689.881734559789,10653.745072273325,0.0,0,1.0,1.0
390,2023-01-26,5650.459921156374,5000.0,10650.459921156373,10689.881734559789,0.0,0,1.0,1.0
391,2023-01-27,5909.9868593955325,5000.0,10909.986859395533,10650.459921156373,0.0,0,1.0,1.0
392,2023-01-28,6051.248357424442,5000.0,11051.248357424442,10909.986859395533,0.0,0,1.0,1.0
393,2023-01-29,6120.236530880421,5000.0,11120.236530880422,11051.248357424442,0.0,0,1.0,1.0
394,2023-01-30,5778.580814717478,5000.0,10778.580814717478,11120.236530880422,0.0,0,1.0,1.0
395,2023-01-31,5831.143232588699,5000.0,10831.1432325887,10778.580814717478,0.0,0,1.0,1.0
396,2023-02-01,5837.713534822602,5000.0,10837.713534822602,10831.1432325887,0.0,0,1.0,1.0
397,2023-02-02,5686.596583442838,5000.0,10686.596583442839,10837.713534822602,0.0,0,1.0,1.0
398,2023-02-03,5643.889618922471,5000.0,10643.88961892247,10686.596583442839,0.0,0,1.0,1.0
399,2023-02-04,5660.315374507228,5000.0,10660.315374507227,10643.88961892247,0.0,0,1.0,1.0
400,2023-02-05,5473.061760840998,5000.0,10473.061760841,10660.315374507227,0.0,0,1.0,1.0
401,2023-02-06,5404.07358738502,5000.0,10404.07358738502,10473.061760841,0.0,0,1.0,1.0
402,2023-02-07,5473.061760840998,5000.0,10473.061760841,10404.07358738502,0.0,0,1.0,1.0
403,2023-02-08,5440.210249671485,5000.0,10440.210249671485,10473.061760841,0.0,0,1.0,1.0
404,2023-02-09,5013.140604467805,5000.0,10013.140604467804,10440.210249671485,0.0,0,1.0,1.0
405,2023-02-10,5082.128777923785,5000.0,10082.128777923785,10013.140604467804,0.0,0,1.0,1.0
406,2023-02-11,5302.233902759527,5000.0,10302.233902759526,10082.128777923785,0.0,0,1.0,1.0
407,2023-02-12,5239.816031537451,5000.0,10239.816031537452,10302.233902759526,0.0,0,1.0,1.0
408,2023-02-13,5121.550591327202,5000.0,10121.550591327203,10239.816031537452,0.0,0,1.0,1.0
409,2023-02-14,5206.964520367937,5000.0,10206.964520367937,10121.550591327203,0.0,0,1.0,1.0
410,2023-02-15,5436.925098554534,5000.0,10436.925098554533,10206.964520367937,0.0,0,1.0,1.0
411,2023-02-16,5114.980289093298,5000.0,10114.980289093299,10436.925098554533,0.0,0,1.0,1.0
412,2023-02-17,5243.101182654402,5000.0,10243.101182654402,10114.980289093299,0.0,0,1.0,1.0
413,2023-02-18,5285.80814717477,5000.0,10285.80814717477,10243.101182654402,0.0,0,1.0,1.0
414,2023-02-19,5331.80026281209,5000.0,10331.80026281209,10285.80814717477,0.0,0,1.0,1.0
415,2023-02-20,5312.089356110381,5000.0,10312.08935611038,10331.80026281209,0.0,0,1.0,1.0
416,2023-02-21,5243.101182654402,5000.0,10243.101182654402,10312.08935611038,0.0,0,1.0,1.0
417,2023-02-22,5180.683311432325,5000.0,10180.683311432325,10243.101182654402,0.0,0,1.0,1.0
418,2023-02-23,4990.144546649146,5000.0,9990.144546649146,10180.683311432325,0.0,0,1.0,1.0
419,2023-02-24,4940.8672798948755,5000.0,9940.867279894876,9990.144546649146,0.0,0,1.0,1.0
420,2023-02-25,4894.875164257556,5000.0,9894.875164257555,9940.867279894876,0.0,0,1.0,1.0
421,2023-02-26,4977.003942181341,5000.0,9977.003942181342,9894.875164257555,0.0,0,1.0,1.0
422,2023-02-27,4970.433639947438,5000.0,9970.433639947438,9977.003942181342,0.0,0,1.0,1.0
423,2023-02-28,4937.5821287779245,5000.0,9937.582128777925,9970.433639947438,0.0,0,1.0,1.0
424,2023-03-01,5016.425755584757,5000.0,10016.425755584758,9937.582128777925,0.0,0,1.0,1.0
425,2023-03-02,4963.863337713535,5000.0,9963.863337713534,10016.425755584758,0.0,0,1.0,1.0
426,2023-03-03,4799.605781865966,5000.0,9799.605781865965,9963.863337713534,0.0,0,1.0,1.0
427,2023-03-04,4819.316688567674,5000.0,9819.316688567673,9799.605781865965,0.0,0,1.0,1.0
428,2023-03-05,4914.586070959264,5000.0,9914.586070959263,9819.316688567673,0.0,0,1.0,1.0
429,2023-03-06,5006.570302233903,5000.0,10006.570302233904,9914.586070959263,0.0,0,1.0,1.0
430,2023-03-07,4927.7266754270695,5000.0,9927.72667542707,10006.570302233904,0.0,0,1.0,1.0
431,2023-03-08,4927.7266754270695,5000.0,9927.72667542707,9927.72667542707,0.0,0,1.0,1.0
432,2023-03-09,4674.770039421814,5000.0,9674.770039421814,9927.72667542707,0.0,0,1.0,1.0
433,2023-03-10,4441.524310118265,5000.0,9441.524310118264,9674.770039421814,0.0,0,1.0,1.0
434,2023-03-11,4599.211563731932,5000.0,9599.211563731933,9441.524310118264,0.0,0,1.0,1.0
435,2023-03-12,4924.441524310118,5000.0,9924.441524310118,9599.211563731933,0.0,0,1.0,1.0
436,2023-03-13,5003.285151116952,5000.0,10003.285151116952,9924.441524310118,0.0,0,1.0,1.0
437,2023-03-14,5059.132720105125,5000.0,10059.132720105124,10003.285151116952,0.0,0,1.0,1.0
438,2023-03-15,4802.890932982917,5000.0,9802.890932982917,10059.132720105124,0.0,0,1.0,1.0
439,2023-03-16,4894.875164257556,5000.0,9894.875164257555,9802.890932982917,0.0,0,1.0,1.0
440,2023-03-17,5049.27726675427,5000.0,10049.27726675427,9894.875164257555,0.0,0,1.0,1.0
441,2023-03-18,4904.73061760841,5000.0,9904.73061760841,10049.27726675427,0.0,0,1.0,1.0
442,2023-03-19,5036.136662286466,5000.0,10036.136662286466,9904.73061760841,0.0,0,1.0,1.0
443,2023-03-20,4986.859395532195,5000.0,9986.859395532196,10036.136662286466,0.0,0,1.0,1.0
444,2023-03-21,5029.566360052562,5000.0,10029.566360052562,9986.859395532196,0.0,0,1.0,1.0
445,2023-03-22,4881.73455978975,5000.0,9881.734559789751,10029.566360052562,0.0,0,1.0,1.0
446,2023-03-23,5141.26149802891,5000.0,10141.26149802891,9881.734559789751,0.0,0,1.0,1.0
447,2023-03-24,5321.944809461235,5000.0,10321.944809461234,10141.26149802891,0.0,0,1.0,1.0
448,2023-03-25,5344.9408672798945,5000.0,10344.940867279895,10321.944809461234,0.0,0,1.0,1.0
449,2023-03-26,5305.519053876478,5000.0,10305.519053876478,10344.940867279895,0.0,0,1.0,1.0
450,2023-03-27,4983.574244415243,5000.0,9983.574244415242,10305.519053876478,0.0,0,1.0,1.0
451,2023-03-28,5059.132720105125,5000.0,10059.132720105124,9983.574244415242,0.0,0,1.0,1.0
452,2023-03-29,5220.105124835743,5000.0,10220.105124835743,10059.132720105124,0.0,0,1.0,1.0
453,2023-03-30,5101.839684625494,5000.0,10101.839684625495,10220.105124835743,0.0,0,1.0,1.0
454,2023-03-31,5177.398160315374,5000.0,10177.398160315373,10101.839684625495,0.0,0,1.0,1.0
455,2023-04-01,5157.687253613666,5000.0,10157.687253613665,10177.398160315373,0.0,0,1.0,1.0
456,2023-04-02,5262.81208935611,5000.0,10262.81208935611,10157.687253613665,0.0,0,1.0,1.0
457,2023-04-03,5141.26149802891,5000.0,10141.26149802891,10262.81208935611,0.0,0,1.0,1.0
458,2023-04-04,5210.2496714848885,5000.0,10210.24967148489,10141.26149802891,0.0,0,1.0,1.0
459,2023-04-05,5190.53876478318,5000.0,10190.538764783181,10210.24967148489,0.0,0,1.0,1.0
460,2023-04-06,5134.691195795007,5000.0,10134.691195795007,10190.538764783181,0.0,0,1.0,1.0
461,2023-04-07,5147.831800262812,5000.0,10147.831800262811,10134.691195795007,0.0,0,1.0,1.0
462,2023-04-08,5200.394218134034,5000.0,10200.394218134035,10147.831800262811,0.0,0,1.0,1.0
463,2023-04-09,5262.81208935611,5000.0,10262.81208935611,10200.394218134035,0.0,0,1.0,1.0
464,2023-04-10,5229.960578186597,5000.0,10229.960578186598,10262.81208935611,0.0,0,1.0,1.0
465,2023-04-11,5328.515111695137,5000.0,10328.515111695138,10229.960578186598,0.0,0,1.0,1.0
466,2023-04-12,5325.229960578186,5000.0,10325.229960578186,10328.515111695138,0.0,0,1.0,1.0
467,2023-04-13,5315.374507227333,5000.0,10315.374507227334,10325.229960578186,0.0,0,1.0,1.0
468,2023-04-14,5321.944809461235,5000.0,10321.944809461234,10315.374507227334,0.0,0,1.0,1.0
469,2023-04-15,5331.80026281209,5000.0,10331.80026281209,10321.944809461234,0.0,0,1.0,1.0
470,2023-04-16,5312.089356110381,5000.0,10312.08935611038,10331.80026281209,0.0,0,1.0,1.0
471,2023-04-17,5236.5308804205,5000.0,10236.5308804205,10312.08935611038,0.0,0,1.0,1.0
472,2023-04-18,5348.2260183968465,5000.0,10348.226018396846,10236.5308804205,0.0,0,1.0,1.0
473,2023-04-19,5026.281208935611,5000.0,10026.281208935612,10348.226018396846,0.0,0,1.0,1.0
474,2023-04-20,5042.706964520368,5000.0,10042.706964520368,10026.281208935612,0.0,0,1.0,1.0
475,2023-04-21,4963.863337713535,5000.0,9963.863337713534,10042.706964520368,0.0,0,1.0,1.0
476,2023-04-22,5170.827858081472,5000.0,10170.827858081473,9963.863337713534,0.0,0,1.0,1.0
477,2023-04-23,5174.113009198423,5000.0,10174.113009198423,10170.827858081473,0.0,0,1.0,1.0
478,2023-04-24,5177.398160315374,5000.0,10177.398160315373,10174.113009198423,0.0,0,1.0,1.0
479,2023-04-25,5246.386333771354,5000.0,10246.386333771354,10177.398160315373,0.0,0,1.0,1.0
480,2023-04-26,5154.402102496715,5000.0,10154.402102496715,10246.386333771354,0.0,0,1.0,1.0
481,2023-04-27,5052.562417871222,5000.0,10052.562417871222,10154.402102496715,0.0,0,1.0,1.0
482,2023-04-28,5032.851511169513,5000.0,10032.851511169512,10052.562417871222,0.0,0,1.0,1.0
483,2023-04-29,5075.558475689882,5000.0,10075.558475689882,10032.851511169512,0.0,0,1.0,1.0
484,2023-04-30,5105.124835742445,5000.0,10105.124835742445,10075.558475689882,0.0,0,1.0,1.0
485,2023-05-01,5016.425755584757,5000.0,10016.425755584758,10105.124835742445,0.0,0,1.0,1.0
486,2023-05-02,5016.425755584757,5000.0,10016.425755584758,10016.425755584758,0.0,0,1.0,1.0
487,2023-05-03,5098.554533508541,5000.0,10098.55453350854,10016.425755584758,0.0,0,1.0,1.0
488,2023-05-04,5108.409986859396,5000.0,10108.409986859395,10098.55453350854,0.0,0,1.0,1.0
489,2023-05-05,5200.394218134034,5000.0,10200.394218134035,10108.409986859395,0.0,0,1.0,1.0
490,2023-05-06,5131.406044678055,5000.0,10131.406044678055,10200.394218134035,0.0,0,1.0,1.0
491,2023-05-07,5154.402102496715,5000.0,10154.402102496715,10131.406044678055,0.0,0,1.0,1.0
492,2023-05-08,5042.706964520368,5000.0,10042.706964520368,10154.402102496715,0.0,0,1.0,1.0
493,2023-05-09,5091.984231274639,5000.0,10091.984231274639,10042.706964520368,0.0,0,1.0,1.0
494,2023-05-10,5052.562417871222,5000.0,10052.562417871222,10091.984231274639,0.0,0,1.0,1.0
495,2023-05-11,5009.855453350854,5000.0,10009.855453350854,10052.562417871222,0.0,0,1.0,1.0
496,2023-05-12,5052.562417871222,5000.0,10052.562417871222,10009.855453350854,0.0,0,1.0,1.0
497,2023-05-13,5026.281208935611,5000.0,10026.281208935612,10052.562417871222,0.0,0,1.0,1.0
498,2023-05-14,5062.417871222076,5000.0,10062.417871222076,10026.281208935612,0.0,0,1.0,1.0
499,2023-05-15,5026.281208935611,5000.0,10026.281208935612,10062.417871222076,0.0,0,1.0,1.0
500,2023-05-16,4983.574244415243,5000.0,9983.574244415242,10026.281208935612,0.0,0,1.0,1.0
501,2023-05-17,4970.433639947438,5000.0,9970.433639947438,9983.574244415242,0.0,0,1.0,1.0
502,2023-05-18,4963.863337713535,5000.0,9963.863337713534,9970.433639947438,0.0,0,1.0,1.0
503,2023-05-19,4944.152431011827,5000.0,9944.152431011826,9963.863337713534,0.0,0,1.0,1.0
504,2023-05-20,4940.8672798948755,5000.0,9940.867279894876,9944.152431011826,0.0,0,1.0,1.0
505,2023-05-21,4931.0118265440215,5000.0,9931.011826544021,9940.867279894876,0.0,0,1.0,1.0
506,2023-05-22,4977.003942181341,5000.0,9977.003942181342,9931.011826544021,0.0,0,1.0,1.0
507,2023-05-23,4983.574244415243,5000.0,9983.574244415242,9977.003942181342,0.0,0,1.0,1.0
508,2023-05-24,4931.0118265440215,5000.0,9931.011826544021,9983.574244415242,0.0,0,1.0,1.0
509,2023-05-25,4963.863337713535,5000.0,9963.863337713534,9931.011826544021,0.0,0,1.0,1.0
510,2023-05-26,4947.437582128778,5000.0,9947.437582128778,9963.863337713534,0.0,0,1.0,1.0
511,2023-05-27,4967.148488830486,5000.0,9967.148488830486,9947.437582128778,0.0,0,1.0,1.0
512,2023-05-28,5095.26938239159,5000.0,10095.26938239159,9967.148488830486,0.0,0,1.0,1.0
513,2023-05-29,5059.132720105125,5000.0,10059.132720105124,10095.26938239159,0.0,0,1.0,1.0
514,2023-05-30,5026.281208935611,5000.0,10026.281208935612,10059.132720105124,0.0,0,1.0,1.0
515,2023-05-31,4793.0354796320635,5000.0,9793.035479632064,10026.281208935612,0.0,0,1.0,1.0
516,2023-06-01,4809.461235216821,5000.0,9809.46123521682,9793.035479632064,0.0,0,1.0,1.0
517,2023-06-02,4796.3206307490145,5000.0,9796.320630749015,9809.46123521682,0.0,0,1.0,1.0
518,2023-06-03,4871.879106438897,5000.0,9871.879106438897,9796.320630749015,0.0,0,1.0,1.0
519,2023-06-04,4865.308804204993,5000.0,9865.308804204993,9871.879106438897,0.0,0,1.0,1.0
520,2023-06-05,4635.348226018396,5000.0,9635.348226018396,9865.308804204993,0.0,0,1.0,1.0
521,2023-06-06,4832.45729303548,5000.0,9832.45729303548,9635.348226018396,0.0,0,1.0,1.0
522,2023-06-07,4770.039421813403,5000.0,9770.039421813402,9832.45729303548,0.0,0,1.0,1.0
523,2023-06-08,4681.340341655717,5000.0,9681.340341655716,9770.039421813402,0.0,0,1.0,1.0
524,2023-06-09,4701.051248357425,5000.0,9701.051248357424,9681.340341655716,0.0,0,1.0,1.0
525,2023-06-10,4523.65308804205,5000.0,9523.65308804205,9701.051248357424,0.0,0,1.0,1.0
526,2023-06-11,4530.223390275953,5000.0,9530.223390275953,9523.65308804205,0.0,0,1.0,1.0
527,2023-06-12,4605.781865965834,5000.0,9605.781865965833,9530.223390275953,0.0,0,1.0,1.0
528,2023-06-13,4484.231274638633,5000.0,9484.231274638634,9605.781865965833,0.0,0,1.0,1.0
529,2023-06-14,4398.817345597898,5000.0,9398.817345597898,9484.231274638634,0.0,0,1.0,1.0
530,2023-06-15,4411.957950065704,5000.0,9411.957950065704,9398.817345597898,0.0,0,1.0,1.0
531,2023-06-16,4379.1064388961895,5000.0,9379.10643889619,9411.957950065704,0.0,0,1.0,1.0
532,2023-06-17,4484.231274638633,5000.0,9484.231274638634,9379.10643889619,0.0,0,1.0,1.0
533,2023-06-18,4510.512483574245,5000.0,9510.512483574246,9484.231274638634,0.0,0,1.0,1.0
534,2023-06-19,4543.363994743759,5000.0,9543.363994743759,9510.512483574246,0.0,0,1.0,1.0
535,2023-06-20,4658.344283837057,5000.0,9658.344283837057,9543.363994743759,0.0,0,1.0,1.0
536,2023-06-21,4763.469119579501,5000.0,9763.469119579502,9658.344283837057,0.0,0,1.0,1.0
537,2023-06-22,4924.441524310118,5000.0,9924.441524310118,9763.469119579502,0.0,0,1.0,1.0
538,2023-06-23,5078.8436268068335,5000.0,10078.843626806833,9924.441524310118,0.0,0,1.0,1.0
539,2023-06-24,5144.546649145861,5000.0,10144.546649145861,10078.843626806833,0.0,0,1.0,1.0
540,2023-06-25,5341.6557161629435,5000.0,10341.655716162943,10144.546649145861,0.0,0,1.0,1.0
541,2023-06-26,5377.792378449409,5000.0,10377.792378449409,10341.655716162943,0.0,0,1.0,1.0
542,2023-06-27,5505.913272010513,5000.0,10505.913272010512,10377.792378449409,0.0,0,1.0,1.0
543,2023-06-28,5410.643889618922,5000.0,10410.643889618921,10505.913272010512,0.0,0,1.0,1.0
544,2023-06-29,5384.362680683312,5000.0,10384.362680683313,10410.643889618921,0.0,0,1.0,1.0
